id,family,description,uri_template,canonical_form,canonical_example,match_example,citation_type,is_canonical,is_neutral,jurisdiction,pattern
acd,ACD,Administrative Court Digest,,[dddd] ACD d+,[2022] ACD 123,[2022] ACD 123,PubYearAbbrNum,TRUE,FALSE,EW,"{""id"": ""acd"", ""description"": ""Administrative Court Digest"", ""label"": ""CITATION"", ""pattern"": [{""ORTH"": ""[""}, {""SHAPE"": ""dddd""}, {""ORTH"": ""]""},{""ORTH"": ""ACD""},{""LIKE_NUM"": true}]}"
aller,ALL-ER,The All England Law Reports,,[dddd] d1 All ER d2,[2022] 1 All ER 123,[2022] 1 All ER 123,PubYearNumAbbrNum,TRUE,FALSE,EW,"{""id"": ""aller"", ""description"": ""The All England Law Reports"", ""label"": ""CITATION"", ""pattern"": [{""ORTH"": ""[""}, {""SHAPE"": ""dddd""}, {""ORTH"": ""]""}, {""LIKE_NUM"": true}, {""ORTH"": ""All""},{""ORTH"": ""ER""},{""LIKE_NUM"": true}]}"
aller_a,ALL-ER,The All England Law Reports,,[dddd] d1 All ER d2,[2022] 1 All ER 123,[2022] 1 All E.R. 123,PubYearNumAbbrNum,FALSE,FALSE,EW,"{""id"": ""aller_a"", ""description"": ""The All England Law Reports"", ""label"": ""CITATION"", ""pattern"": [{""ORTH"": ""[""}, {""SHAPE"": ""dddd""}, {""ORTH"": ""]""}, {""LIKE_NUM"": true}, {""ORTH"": ""All""},{""ORTH"": ""E.R.""},{""LIKE_NUM"": true}]}"
aller_b,ALL-ER,The All England Law Reports,,[dddd] d1 All ER d2,[2022] 1 All ER 123,(2022) 1 All E.R. 123,PubYearNumAbbrNum,FALSE,FALSE,EW,"{""id"": ""aller_b"", ""description"": ""The All England Law Reports"", ""label"": ""CITATION"", ""pattern"": [{""ORTH"": ""(""}, {""SHAPE"": ""dddd""}, {""ORTH"": "")""}, {""LIKE_NUM"": true}, {""ORTH"": ""All""},{""ORTH"": ""E.R.""},{""LIKE_NUM"": true}]}"
aller_c,ALL-ER,The All England Law Reports,,[dddd] d1 All ER d2,[2022] 1 All ER 123,[2022] 1 ALL E.R. 123,PubYearNumAbbrNum,FALSE,FALSE,EW,"{""id"": ""aller_c"", ""description"": ""The All England Law Reports"", ""label"": ""CITATION"", ""pattern"": [{""ORTH"": ""[""}, {""SHAPE"": ""dddd""}, {""ORTH"": ""]""}, {""LIKE_NUM"": true}, {""ORTH"": ""ALL""},{""ORTH"": ""E.R.""},{""LIKE_NUM"": true}]}"
ukeat,EAT,United Kingdom Employment Appeal Tribunal,https://caselaw.nationalarchives.gov.uk/eat/year/d1,[dddd] EAT d+,[2022] EAT 123,[2022] EAT 123,NCitYearAbbrNum,TRUE,TRUE,UK,"{""id"": ""ukeat"", ""description"": ""United Kingdom Employment Appeal Tribunal"" ,""label"": ""CITATION"", ""pattern"": [{""ORTH"": ""[""}, {""SHAPE"": ""dddd""}, {""ORTH"": ""]""}, {""ORTH"": ""EAT""} , {""LIKE_NUM"": true}]}"
ukeat_a,EAT,United Kingdom Employment Appeal Tribunal,https://caselaw.nationalarchives.gov.uk/eat/year/d1,[dddd] EAT d+,[2022] EAT 123,(2022) EAT 123,NCitYearAbbrNum,FALSE,TRUE,UK,"{""id"": ""ukeat_a"", ""description"": ""United Kingdom Employment Appeal Tribunal"" ,""label"": ""CITATION"", ""pattern"": [{""ORTH"": ""(""}, {""SHAPE"": ""dddd""}, {""ORTH"": "")""}, {""ORTH"": ""EAT""} , {""LIKE_NUM"": true}]}"
ewca_civ,EWCA-Civil,Court of Appeal (Civil Division),https://caselaw.nationalarchives.gov.uk/ewca/civ/year/d1,[dddd] EWCA Civ d+,[2022] EWCA Civ 123,[2022] EWCA Civ 123,NCitYearAbbrNum,TRUE,TRUE,EW,"{""id"": ""ewca_civ"", ""description"": ""Court of Appeal (Civil Division)"" ,""label"": ""CITATION"", ""pattern"": [{""ORTH"": ""[""}, {""SHAPE"": ""dddd""}, {""ORTH"": ""]""}, {""ORTH"": ""EWCA""}, {""ORTH"": ""Civ""}, {""LIKE_NUM"": true}]}"
ewca_civ_a,EWCA-Civil,Court of Appeal (Civil Division),https://caselaw.nationalarchives.gov.uk/ewca/civ/year/d1,[dddd] EWCA Civ d+,[2022] EWCA Civ 123,[2022] EWCA CIV 123,NCitYearAbbrNum,FALSE,TRUE,EW,"{""id"": ""ewca_civ_a"", ""description"": ""Court of Appeal (Civil Division)"" ,""label"": ""CITATION"", ""pattern"": [{""ORTH"": ""[""}, {""SHAPE"": ""dddd""}, {""ORTH"": ""]""}, {""ORTH"": ""EWCA""}, {""ORTH"": ""CIV""} , {""LIKE_NUM"": true}]}"
ewca_civ_b,EWCA-Civil,Court of Appeal (Civil Division),https://caselaw.nationalarchives.gov.uk/ewca/civ/year/d1,[dddd] EWCA Civ d+,[2022] EWCA Civ 123,[2022] EWCA civ 123,NCitYearAbbrNum,FALSE,TRUE,EW,"{""id"": ""ewca_civ_b"", ""description"": ""Court of Appeal (Civil Division)"" ,""label"": ""CITATION"", ""pattern"": [{""ORTH"": ""[""}, {""SHAPE"": ""dddd""}, {""ORTH"": ""]""}, {""ORTH"": ""EWCA""}, {""ORTH"": ""civ""} , {""LIKE_NUM"": true}]}"
ewca_civ_c,EWCA-Civil,Court of Appeal (Civil Division),https://caselaw.nationalarchives.gov.uk/ewca/civ/year/d1,[dddd] EWCA Civ d+,[2022] EWCA Civ 123,[2022] ewca civ 123,NCitYearAbbrNum,FALSE,TRUE,EW,"{""id"": ""ewca_civ_c"", ""description"": ""Court of Appeal (Civil Division)"" ,""label"": ""CITATION"", ""pattern"": [{""ORTH"": ""[""}, {""SHAPE"": ""dddd""}, {""ORTH"": ""]""}, {""ORTH"": ""ewca""}, {""ORTH"": ""civ""} , {""LIKE_NUM"": true}]}"
ewca_civ_d,EWCA-Civil,Court of Appeal (Civil Division),https://caselaw.nationalarchives.gov.uk/ewca/civ/year/d1,[dddd] EWCA Civ d+,[2022] EWCA Civ 123,[2022[ EWCA Civ 123,NCitYearAbbrNum,FALSE,TRUE,EW,"{""id"": ""ewca_civ_d"", ""description"": ""Court of Appeal (Civil Division)"" ,""label"": ""CITATION"", ""pattern"": [{""ORTH"": ""[""}, {""SHAPE"": ""dddd""}, {""ORTH"": ""[""}, {""ORTH"": ""EWCA""}, {""ORTH"": ""Civ""}, {""LIKE_NUM"": true}]}"
ewca_civ_e,EWCA-Civil,Court of Appeal (Civil Division),https://caselaw.nationalarchives.gov.uk/ewca/civ/year/d1,[dddd] EWCA Civ d+,[2022] EWCA Civ 123,]2022] EWCA Civ 123,NCitYearAbbrNum,FALSE,TRUE,EW,"{""id"": ""ewca_civ_e"", ""description"": ""Court of Appeal (Civil Division)"" ,""label"": ""CITATION"", ""pattern"": [{""ORTH"": ""]""}, {""SHAPE"": ""dddd""}, {""ORTH"": ""]""}, {""ORTH"": ""EWCA""}, {""ORTH"": ""Civ""}, {""LIKE_NUM"": true}]}"
ewca_civ_f,EWCA-Civil,Court of Appeal (Civil Division),https://caselaw.nationalarchives.gov.uk/ewca/civ/year/d1,[dddd] EWCA Civ d+,[2022] EWCA Civ 123,(2022) EWCA Civ 123,NCitYearAbbrNum,FALSE,TRUE,EW,"{""id"": ""ewca_civ_f"", ""description"": ""Court of Appeal (Civil Division)"" ,""label"": ""CITATION"", ""pattern"": [{""ORTH"": ""(""}, {""SHAPE"": ""dddd""}, {""ORTH"": "")""}, {""ORTH"": ""EWCA""}, {""ORTH"": ""Civ""}, {""LIKE_NUM"": true}]}"
ewca_civ_g,EWCA-Civil,Court of Appeal (Civil Division),https://caselaw.nationalarchives.gov.uk/ewca/civ/year/d1,[dddd] EWCA Civ d+,[2022] EWCA Civ 123,[2022] EWCA Civ. 123,NCitYearAbbrNum,FALSE,TRUE,EW,"{""id"": ""ewca_civ_g"", ""description"": ""Court of Appeal (Civil Division)"" ,""label"": ""CITATION"", ""pattern"": [{""ORTH"": ""[""}, {""SHAPE"": ""dddd""}, {""ORTH"": ""]""}, {""ORTH"": ""EWCA""}, {""ORTH"": ""Civ""}, {""IS_PUNCT"":true}, {""LIKE_NUM"": true}]}"
ewca_civ_h,EWCA-Civil,Court of Appeal (Civil Division),https://caselaw.nationalarchives.gov.uk/ewca/civ/year/d1,[dddd] EWCA Civ d+,[2022] EWCA Civ 123,[2022] EWCA (Civ) 123,NCitYearAbbrNum,FALSE,TRUE,EW,"{""id"": ""ewca_civ_h"", ""description"": ""Court of Appeal (Civil Division)"" ,""label"": ""CITATION"", ""pattern"": [{""ORTH"": ""[""}, {""SHAPE"": ""dddd""}, {""ORTH"": ""]""}, {""ORTH"": ""EWCA""}, {""ORTH"": ""(""}, {""ORTH"": ""Civ""}, {""ORTH"": "")""},{""LIKE_NUM"": true}]}"
ewca_civ_i,EWCA-Civil,Court of Appeal (Civil Division),https://caselaw.nationalarchives.gov.uk/ewca/civ/year/d1,[dddd] EWCA Civ d+,[2022] EWCA Civ 123,(2022) EWCA CIV 123,NCitYearAbbrNum,TRUE,TRUE,EW,"{""id"": ""ewca_civ_i"", ""description"": ""Court of Appeal (Civil Division)"" ,""label"": ""CITATION"", ""pattern"": [{""ORTH"": ""(""}, {""SHAPE"": ""dddd""}, {""ORTH"": "")""}, {""ORTH"": ""EWCA""}, {""ORTH"": ""CIV""}, {""LIKE_NUM"": true}]}"
ewca_civ_j,EWCA-Civil,Court of Appeal (Civil Division),https://caselaw.nationalarchives.gov.uk/ewca/civ/year/d1,[dddd] EWCA Civ d+,[2022] EWCA Civ 123,[2022] [EWCA] Civ 123,NCitYearAbbrNum,TRUE,TRUE,EW,"{""id"": ""ewca_civ_j"", ""description"": ""Court of Appeal (Civil Division)"" ,""label"": ""CITATION"", ""pattern"": [{""ORTH"": ""[""}, {""SHAPE"": ""dddd""}, {""ORTH"": ""]""}, {""ORTH"": ""[""},  {""ORTH"": ""EWCA""}, {""ORTH"": ""]""}, {""ORTH"": ""Civ""}, {""LIKE_NUM"": true}]}"
ewca_civ_k,EWCA-Civil,Court of Appeal (Civil Division),https://caselaw.nationalarchives.gov.uk/ewca/civ/year/d1,[dddd] EWCA Civ d+,[2022] EWCA Civ 123,[2022] [EWCA Civ 123],NCitYearAbbrNum,TRUE,TRUE,EW,"{""id"": ""ewca_civ_k"", ""description"": ""Court of Appeal (Civil Division)"" ,""label"": ""CITATION"", ""pattern"": [{""ORTH"": ""[""}, {""SHAPE"": ""dddd""}, {""ORTH"": ""]""}, {""ORTH"": ""[""}, {""ORTH"": ""EWCA""}, {""ORTH"": ""Civ""}, {""LIKE_NUM"": true}, {""ORTH"": ""]""}]}"
ewca_crim,EWCA-Criminal,Court of Appeal (Criminal Division),https://caselaw.nationalarchives.gov.uk/ewca/crim/year/d1,[dddd] EWCA Crim d+,[2022] EWCA Crim 123,[2022] EWCA Crim 123,NCitYearAbbrNum,TRUE,TRUE,EW,"{""id"": ""ewca_crim"", ""description"": ""Court of Appeal (Criminal Division)"" ,""label"": ""CITATION"", ""pattern"": [{""ORTH"": ""[""}, {""SHAPE"": ""dddd""}, {""ORTH"": ""]""}, {""ORTH"": ""EWCA""}, {""ORTH"": ""Crim""} , {""LIKE_NUM"": true}]}"
ewcop,EWCOP,Court of Protection,https://caselaw.nationalarchives.gov.uk/ewcop/year/d1,[dddd] EWCOP d+,[2022] EWCOP 123,[2022] EWCOP 123,NCitYearAbbrNum,TRUE,TRUE,EW,"{""id"": ""ewcop"", ""description"": ""Court of Protection"" ,""label"": ""CITATION"", ""pattern"": [{""ORTH"": ""[""}, {""SHAPE"": ""dddd""}, {""ORTH"": ""]""}, {""ORTH"": ""EWCOP""} , {""LIKE_NUM"": true}]}"
ewcop_a,EWCOP,Court of Protection,https://caselaw.nationalarchives.gov.uk/ewcop/year/d1,[dddd] EWCOP d+,[2022] EWCOP 123,[2022] EWHC 123 (COP),NCitYearAbbrNum,FALSE,TRUE,EW,"{""id"": ""ewcop_a"", ""description"": ""Court of Protection"" ,""label"": ""CITATION"", ""pattern"": [{""ORTH"": ""[""}, {""SHAPE"": ""dddd""}, {""ORTH"": ""]""}, {""ORTH"": ""EWHC""},{""LIKE_NUM"": true},{""ORTH"": ""(""},{""ORTH"": ""COP""},{""ORTH"": "")""}]}"
ewfc,EWFC,Family Court,https://caselaw.nationalarchives.gov.uk/ewfc/year/d1,[dddd] EWFC d+,[2022] EWFC 123,[2022] EWFC 123,NCitYearAbbrNum,TRUE,TRUE,EW,"{""id"": ""ewfc"", ""description"": ""Family Court"" ,""label"": ""CITATION"", ""pattern"": [{""ORTH"": ""[""}, {""SHAPE"": ""dddd""}, {""ORTH"": ""]""}, {""ORTH"": ""EWFC""} , {""LIKE_NUM"": true}]}"
bcc,BCC,British Company Cases,,[dddd] BCC d+,[2022] BC 123,[2022] BCC 123,PubYearAbbrNum,TRUE,FALSE,EW,"{""id"": ""bcc"", ""description"": ""British Company Cases"", ""label"": ""CITATION"", ""pattern"": [{""ORTH"": ""[""}, {""SHAPE"": ""dddd""}, {""ORTH"": ""]""},{""ORTH"": ""BCC""},{""LIKE_NUM"": true}]}"
bcc_a,BCC,British Company Cases,,[dddd] BCC d+,[2022] BC 123,(2022) BCC 123,PubYearAbbrNum,TRUE,FALSE,EW,"{""id"": ""bcc_a"", ""description"": ""British Company Cases"", ""label"": ""CITATION"", ""pattern"": [{""ORTH"": ""(""}, {""SHAPE"": ""dddd""}, {""ORTH"": "")""},{""ORTH"": ""BCC""},{""LIKE_NUM"": true}]}"
bcc_b,BCC,British Company Cases,,[dddd] BCC d+,[2022] BC 123,[2022] B.C.C. 123,PubYearAbbrNum,TRUE,FALSE,EW,"{""id"": ""bcc_b"", ""description"": ""British Company Cases"", ""label"": ""CITATION"", ""pattern"": [{""ORTH"": ""[""}, {""SHAPE"": ""dddd""}, {""ORTH"": ""]""},{""ORTH"": ""B.C.C.""},{""LIKE_NUM"": true}]}"
bclc_multi,BCLC,Butterworth's Company Law Cases (Multi-Volume),,[dddd] d1 BCLC d2,[2022] 1 BCLC 123,[2022] 1 BCLC 123,PubYearNumAbbrNum,TRUE,FALSE,EW,"{""id"": ""bclc_multi"", ""description"": ""Butterworth's Company Law Cases"", ""label"": ""CITATION"", ""pattern"": [{""ORTH"": ""[""}, {""SHAPE"": ""dddd""}, {""ORTH"": ""]""}, {""LIKE_NUM"": true}, {""ORTH"": ""BCLC""},{""LIKE_NUM"": true}]}"
bclc_single,BCLC,Butterworth's Company Law Cases (Single-Volume),,[dddd] BCLC d2,[2022] BCLC 123,[2022] BCLC 123,PubYearAbbrNum,TRUE,FALSE,EW,"{""id"": ""bclc_single"", ""description"": ""Butterworth's Company Law Cases (Single-Volume)"", ""label"": ""CITATION"", ""pattern"": [{""ORTH"": ""[""}, {""SHAPE"": ""dddd""}, {""ORTH"": ""]""},{""ORTH"": ""BCLC""},{""LIKE_NUM"": true}]}"
buslr,Bus LR,The Business Law Reports (ICLR),,[dddd] Bus LR d+,[2022] Bus LR 123,[2022] Bus LR 123,PubYearAbbrNum,TRUE,FALSE,EW,"{""id"": ""buslr"", ""description"": ""The Business Law Reports (ICLR)"", ""label"": ""CITATION"", ""pattern"": [{""ORTH"": ""[""}, {""SHAPE"": ""dddd""}, {""ORTH"": ""]""}, {""ORTH"": ""Bus""},{""ORTH"": ""LR""},{""LIKE_NUM"": true}]}"
cmlr,CMLR,Common Market Law Reports,,[dddd] d1 CMLR d2,[2022] 1 CMLR 123,[2022] 1 CMLR 123,PubYearNumAbbrNum,TRUE,FALSE,EW,"{""id"": ""cmlr"", ""description"": ""Common Market Law Reports"", ""label"": ""CITATION"", ""pattern"": [{""ORTH"": ""[""}, {""SHAPE"": ""dddd""}, {""ORTH"": ""]""}, {""LIKE_NUM"": true}, {""ORTH"": ""CMLR""},{""LIKE_NUM"": true}]}"
costslr,Costs LR,Costs Law Reports,,[dddd] Costs LR d+,[2022] Costs LR 123,[2022] Costs LR 123,PubYearAbbrNum,TRUE,FALSE,EW,"{""id"": ""costslr"", ""description"": ""Costs Law Reports"", ""label"": ""CITATION"", ""pattern"": [{""ORTH"": ""[""}, {""SHAPE"": ""dddd""}, {""ORTH"": ""]""},{""ORTH"": ""Costs""},{""ORTH"": ""LR""},{""LIKE_NUM"": true}]}"
hrlr,HRLR,Human Rights Law Reports,,[dddd] HRLR d+,[2022] HRLR 123,[2022] HRLR 123,PubYearAbbrNum,TRUE,FALSE,EW,"{""id"": ""hrlr"", ""description"": ""Human Rights Law Reports"", ""label"": ""CITATION"", ""pattern"": [{""ORTH"": ""[""}, {""SHAPE"": ""dddd""}, {""ORTH"": ""]""},{""ORTH"": ""HRLR""},{""LIKE_NUM"": true}]}"
crappr_volumnal_with_year,CR-APP-R,Criminal Appeal Reports (Volumnal Pre-1995),,(dddd) d1 Cr App R d2,(2022) 99 Cr App R 123,(2022) 99 Cr App R 123,PubYearNumAbbrNum,TRUE,FALSE,EW,"{""id"": ""crappr_volumnal_with_year"", ""description"": ""Criminal Appeal Reports (Volumnal Pre-1995)"", ""label"": ""CITATION"", ""pattern"": [{""ORTH"": ""(""}, {""SHAPE"": ""dddd""}, {""ORTH"": "")""}, {""TEXT"": {""REGEX"": ""\\d+""}}, {""ORTH"": ""Cr""},{""ORTH"": ""App""}, {""ORTH"": ""R""}, {""LIKE_NUM"": true}]}"
crappr_volumnal_with_year_a,CR-APP-R,Criminal Appeal Reports (Volumnal Pre-1995),,(dddd) d1 Cr App R d2,(2022) 99 Cr App R 123,(1995) 99 Cr. App. R. 123,PubYearNumAbbrNum,FALSE,FALSE,EW,"{""id"": ""crappr_volumnal_with_year_a"", ""description"": ""Criminal Appeal Reports (Volumnal Pre-1995)"", ""label"": ""CITATION"", ""pattern"": [{""ORTH"": ""(""}, {""SHAPE"": ""dddd""}, {""ORTH"": "")""}, {""TEXT"": {""REGEX"": ""\\d+""}}, {""ORTH"": ""Cr""},{""IS_PUNCT"": true},{""ORTH"": ""App""},{""IS_PUNCT"": true}, {""ORTH"": ""R.""}, {""LIKE_NUM"": true}]}"
crappr_annual,CR-APP-R,Criminal Appeal Reports (Annual Volumes Post-1995),,[dddd] d1 Cr App R d2,[2022] 1 Cr App R 123,[2022] 1 Cr App R 123,PubYearNumAbbrNum,TRUE,FALSE,EW,"{""id"": ""crappr_annual"", ""description"": ""Criminal Appeal Reports (Annual Volumes Post-1995)"", ""label"": ""CITATION"", ""pattern"": [{""ORTH"": ""[""}, {""SHAPE"": ""dddd""}, {""ORTH"": ""]""}, {""LIKE_NUM"": true},{""ORTH"": ""Cr""},{""ORTH"": ""App""}, {""ORTH"": ""R""}, {""LIKE_NUM"": true}]}"
crappr_sentencing_annual,Cr App R (S),Criminal Appeal Reports (Sentencing) (Annual Volumes Post-1995),,[dddd] d1 Cr App R (S) d2,[2022] 1 Cr App R (S) 123,[2022] 1 Cr App R (S) 123,PubYearNumAbbrNum,TRUE,FALSE,EW,"{""id"": ""crappr_sentencing_annual"", ""description"": ""Criminal Appeal Reports (Sentencing) (Annual Volumes Post-1995)"", ""label"": ""CITATION"", ""pattern"": [{""ORTH"": ""[""}, {""SHAPE"": ""dddd""}, {""ORTH"": ""]""}, {""LIKE_NUM"": true},{""ORTH"": ""Cr""},{""ORTH"": ""App""}, {""ORTH"": ""R""},{""ORTH"": ""(""},{""ORTH"": ""S""},{""ORTH"": "")""}, {""LIKE_NUM"": true}]}"
crappr_sentencing_volumnal_with_year,Cr App R (S),Criminal Appeal Reports (Sentencing) (Volumnal Pre-1995),,(dddd) d1 Cr App R (S) d2,(2022) 99 Cr App R (S) 123,(2022) 99 Cr App R (S) 123,PubYearNumAbbrNum,TRUE,FALSE,EW,"{""id"": ""crappr_sentencing_volumnal_with_year"", ""description"": ""Criminal Appeal Reports (Volumnal Pre-1995)"", ""label"": ""CITATION"", ""pattern"": [{""ORTH"": ""(""}, {""SHAPE"": ""dddd""}, {""ORTH"": "")""}, {""TEXT"": {""REGEX"": ""\\d+""}}, {""ORTH"": ""Cr""},{""ORTH"": ""App""}, {""ORTH"": ""R""}, {""ORTH"": ""(""},{""ORTH"": ""S""},{""ORTH"": "")""},{""LIKE_NUM"": true}]}"
eglr,EGLR,Estates Gazette Law Reports,,[dddd] d1 EGLR d2,[2022] 1 EGLR 123,[2022] 1 EGLR 123,PubYearNumAbbrNum,TRUE,FALSE,EW,"{""id"": ""eglr"", ""description"": ""Estates Gazette Law Reports"", ""label"": ""CITATION"", ""pattern"": [{""ORTH"": ""[""}, {""SHAPE"": ""dddd""}, {""ORTH"": ""]""}, {""LIKE_NUM"": true}, {""ORTH"": ""EGLR""},{""LIKE_NUM"": true}]}"
ehrr,EHRR,European Human Rights Reports,,(dddd) d1 EHRR d2,(2022) 74 EHRR 123,(2022) 74 EHRR 123,PubYearNumAbbrNum,TRUE,FALSE,EW,"{""id"": ""ehrr"", ""description"": ""European Human Rights Reports"", ""label"": ""CITATION"", ""pattern"": [{""ORTH"": ""(""}, {""SHAPE"": ""dddd""}, {""ORTH"": "")""}, {""TEXT"": {""REGEX"": ""\\d+""}}, {""ORTH"": ""EHRR""}, {""LIKE_NUM"": true}]}"
emlr,EMLR,Entertainment and Media Law Reports,,[dddd] EMLR d+,[2022] EMLR 123,[2022] EMLR 123,PubYearAbbrNum,TRUE,FALSE,EW,"{""id"": ""emlr"", ""description"": ""Entertainment and Media Law Reports"", ""label"": ""CITATION"", ""pattern"": [{""ORTH"": ""[""}, {""SHAPE"": ""dddd""}, {""ORTH"": ""]""},{""ORTH"": ""EMLR""},{""LIKE_NUM"": true}]}"
envlr,ENVLR,Environmental Law Reports,,[dddd] Env LR d+,[2022] Env LR 123,[2022] Env LR 123,PubYearAbbrNum,TRUE,FALSE,EW,"{""id"": ""envlr"", ""description"": ""Environmental Law Reports"", ""label"": ""CITATION"", ""pattern"": [{""ORTH"": ""[""}, {""SHAPE"": ""dddd""}, {""ORTH"": ""]""},{""ORTH"": ""Env""},{""ORTH"": ""LR""},{""LIKE_NUM"": true}]}"
envlr_a,ENVLR,Environmental Law Reports,,[dddd] Env LR d+,[2022] Env LR 123,[2022] ENV LR 123,PubYearAbbrNum,TRUE,FALSE,EW,"{""id"": ""envlr_a"", ""description"": ""Environmental Law Reports"", ""label"": ""CITATION"", ""pattern"": [{""ORTH"": ""[""}, {""SHAPE"": ""dddd""}, {""ORTH"": ""]""},{""ORTH"": ""ENV""},{""ORTH"": ""LR""},{""LIKE_NUM"": true}]}"
envlr_b,ENVLR,Environmental Law Reports,,[dddd] Env LR d+,[2022] Env LR 123,[2022] ENV.L.R. 123,PubYearAbbrNum,TRUE,FALSE,EW,"{""id"": ""envlr_b"", ""description"": ""Environmental Law Reports"", ""label"": ""CITATION"", ""pattern"": [{""ORTH"": ""[""}, {""SHAPE"": ""dddd""}, {""ORTH"": ""]""},{""ORTH"": ""ENV.L.R.""},{""LIKE_NUM"": true}]}"
envlr_c,ENVLR,Environmental Law Reports,,[dddd] Env LR d+,[2022] Env LR 123,[2022] Env. L.R. 123,PubYearAbbrNum,TRUE,FALSE,EW,"{""id"": ""envlr_c"", ""description"": ""Environmental Law Reports"", ""label"": ""CITATION"", ""pattern"": [{""ORTH"": ""[""}, {""SHAPE"": ""dddd""}, {""ORTH"": ""]""},{""ORTH"": ""Env""},{""ORTH"": "".""},{""ORTH"": ""L.R.""},{""LIKE_NUM"": true}]}"
eu_c_case,EU_C_CASE,Court of Justice of the European Union (C-Case),,Case C-123/12,Case C-123/12,Case C-123/12,EUCCase,TRUE,TRUE,EU,"{""id"": ""eu_c_case"", ""description"": ""Court of Justice of the European Union (C-Case)"", ""label"": ""CITATION"", ""pattern"": [{""ORTH"": ""Case""},{""TEXT"": {""REGEX"": ""C-\\d+\\/\\d+""}}]}"
eu_c_case_a,EU_C_CASE,Court of Justice of the European Union (C-Case),,Case C-123/12,Case C-123/12,Case C123/12,EUCCase,TRUE,TRUE,EU,"{""id"": ""eu_c_case_a"", ""description"": ""Court of Justice of the European Union (C-Case)"", ""label"": ""CITATION"", ""pattern"": [{""ORTH"": ""Case""},{""TEXT"": {""REGEX"": ""C\\d+\\/\\d+""}}]}"
eu_c_case_c,EU_C_CASE,Court of Justice of the European Union (C-Case),,Case C-123/12,Case C-123/12,case C-123/12,EUCCase,TRUE,TRUE,EU,"{""id"": ""eu_c_case_c"", ""description"": ""Court of Justice of the European Union (C-Case)"", ""label"": ""CITATION"", ""pattern"": [{""ORTH"": ""case""},{""TEXT"": {""REGEX"": ""C-\\d+\\/\\d+""}}]}"
eu_t_case,EU_T_CASE,Court of Justice of the European Union (T-Case),,Case T-123/12,Case T-123/12,Case T-123/12,EUTCase,TRUE,TRUE,EU,"{""id"": ""eu_t_case"", ""description"": ""Court of Justice of the European Union (T-Case)"", ""label"": ""CITATION"", ""pattern"": [{""ORTH"": ""Case""},{""TEXT"": {""REGEX"": ""T-\\d+\\/\\d+""}}]}"
flr_multi,FLR,Family Law Reports (Multi-Volume),,[dddd] d1 FLR d2,[2022] 1 FLR 123,[2022] 1 FLR 123,PubYearNumAbbrNum,TRUE,FALSE,EW,"{""id"": ""flr_multi"", ""description"": ""Family Law Reports"", ""label"": ""CITATION"", ""pattern"": [{""ORTH"": ""[""}, {""SHAPE"": ""dddd""}, {""ORTH"": ""]""}, {""LIKE_NUM"": true}, {""ORTH"": ""FLR""},{""LIKE_NUM"": true}]}"
flr_multi_a,FLR,Family Law Reports (Multi-Volume),,[dddd] d1 FLR d2,[2022] 1 FLR 123,(2022) 1 FLR 123,PubYearNumAbbrNum,TRUE,FALSE,EW,"{""id"": ""flr_multi_a"", ""description"": ""Family Law Reports"", ""label"": ""CITATION"", ""pattern"": [{""ORTH"": ""(""}, {""SHAPE"": ""dddd""}, {""ORTH"": "")""}, {""LIKE_NUM"": true}, {""ORTH"": ""FLR""},{""LIKE_NUM"": true}]}"
flr_multi_b,FLR,Family Law Reports (Multi-Volume),,[dddd] d1 FLR d2,[2022] 1 FLR 123,[2022] 1 F.L.R. 123,PubYearNumAbbrNum,TRUE,FALSE,EW,"{""id"": ""flr_multi_b"", ""description"": ""Family Law Reports"", ""label"": ""CITATION"", ""pattern"": [{""ORTH"": ""[""}, {""SHAPE"": ""dddd""}, {""ORTH"": ""]""}, {""LIKE_NUM"": true}, {""ORTH"": ""F.L.R.""},{""LIKE_NUM"": true}]}"
flr_single,FLR,Family Law Reports (Single-Volume),,[dddd] FLR d+,[2022] FLR 123,[2022] FLR 123,PubYearAbbrNum,TRUE,FALSE,EW,"{""id"": ""flr_single"", ""description"": ""Family Law Reports (Single-Volume)"", ""label"": ""CITATION"", ""pattern"": [{""ORTH"": ""[""}, {""SHAPE"": ""dddd""}, {""ORTH"": ""]""},{""ORTH"": ""FLR""},{""LIKE_NUM"": true}]}"
fsr,FSR,Fleet Street Reports,,[dddd] FSR d+,[2022] FSR 123,[2022] FSR 123,PubYearAbbrNum,TRUE,FALSE,EW,"{""id"": ""fsr"", ""description"": ""Fleet Stree Reports"", ""label"": ""CITATION"", ""pattern"": [{""ORTH"": ""[""}, {""SHAPE"": ""dddd""}, {""ORTH"": ""]""},{""ORTH"": ""FSR""},{""LIKE_NUM"": true}]}"
fsr_a,FSR,Fleet Street Reports,,[dddd] FSR d+,[2022] FSR 123,[2022] F.S.R. 123,PubYearAbbrNum,FALSE,FALSE,EW,"{""id"": ""fsr_a"", ""description"": ""Fleet Stree Reports"", ""label"": ""CITATION"", ""pattern"": [{""ORTH"": ""[""}, {""SHAPE"": ""dddd""}, {""ORTH"": ""]""},{""ORTH"": ""F.S.R.""},{""LIKE_NUM"": true}]}"
icr,ICR,The Industrial Cases Reports (ICR),,[dddd] ICR d+,[2022] ICR 123,[2022] ICR 123,PubYearAbbrNum,TRUE,FALSE,EW,"{""id"": ""icr"", ""description"": ""Industrial Cases Reports (ICLR)"", ""label"": ""CITATION"", ""pattern"": [{""ORTH"": ""[""}, {""SHAPE"": ""dddd""}, {""ORTH"": ""]""}, {""ORTH"": ""ICR""},{""LIKE_NUM"": true}]}"
icr_a,ICR,The Industrial Cases Reports (ICR),,[dddd] ICR d+,[2022] ICR 123,[2022] I.C.R. 123,PubYearAbbrNum,TRUE,FALSE,EW,"{""id"": ""icr_a"", ""description"": ""Industrial Cases Reports (ICLR)"", ""label"": ""CITATION"", ""pattern"": [{""ORTH"": ""[""}, {""SHAPE"": ""dddd""}, {""ORTH"": ""]""}, {""ORTH"": ""I.C.R.""},{""LIKE_NUM"": true}]}"
irlr,IRLR,Industrial Relations Law Reports,,[dddd] IRLR d+,[2022] IRLR 123,[2022] IRLR 123,PubYearAbbrNum,TRUE,FALSE,EW,"{""id"": ""irlr"", ""description"": ""Industrial Relations Law Reports"", ""label"": ""CITATION"", ""pattern"": [{""ORTH"": ""[""}, {""SHAPE"": ""dddd""}, {""ORTH"": ""]""},{""ORTH"": ""IRLR""},{""LIKE_NUM"": true}]}"
irlr_a,IRLR,Industrial Relations Law Reports,,[dddd] IRLR d+,[2022] IRLR 123,[2022] I.R.L.R. 123,PubYearAbbrNum,TRUE,FALSE,EW,"{""id"": ""irlr_a"", ""description"": ""Industrial Relations Law Reports"", ""label"": ""CITATION"", ""pattern"": [{""ORTH"": ""[""}, {""SHAPE"": ""dddd""}, {""ORTH"": ""]""},{""ORTH"": ""I.R.L.R.""},{""LIKE_NUM"": true}]}"
latr,LATR,Landlord and Tenant Reports,,[dddd] L&TR d+,[2022] L&TR 123,[2022] L&TR 123,PubYearAbbrNum,TRUE,FALSE,EW,"{""id"": ""latr"", ""description"": ""Landlord and Tenant Reports"", ""label"": ""CITATION"", ""pattern"": [{""ORTH"": ""[""}, {""SHAPE"": ""dddd""}, {""ORTH"": ""]""},{""ORTH"": ""L&TR""},{""LIKE_NUM"": true}]}"
lgr,LGR,Local Government Reports,,[dddd] LGR d+,[2022] LGR 123,[2022] LGR 123,PubYearAbbrNum,TRUE,FALSE,EW,"{""id"": ""lgr"", ""description"": ""Local Government Reports"", ""label"": ""CITATION"", ""pattern"": [{""ORTH"": ""[""}, {""SHAPE"": ""dddd""}, {""ORTH"": ""]""},{""ORTH"": ""LGR""},{""LIKE_NUM"": true}]}"
lloyds,LLR,Lloyd's Law Reports,,[dddd] d1 Lloyd's Rep d2,[2022] 1 Lloyd's Rep 123,[2022] 1 Lloyd's Rep 123,PubYearNumAbbrNum,TRUE,FALSE,EW,"{""id"": ""lloyds"", ""description"": ""Lloyd's Law Reports"", ""label"": ""CITATION"", ""pattern"": [{""ORTH"": ""[""}, {""SHAPE"": ""dddd""}, {""ORTH"": ""]""}, {""LIKE_NUM"": true}, {""ORTH"": ""Lloyd""},{""ORTH"": ""'s""}, {""ORTH"": ""Rep""},{""LIKE_NUM"": true}]}"
lloyds_a,LLR,Lloyd's Law Reports,,[dddd] d1 Lloyd's Rep d2,[2022] 1 Lloyd's Rep 123,[2022] 1 Lloyd's Law Reports 123,PubYearNumAbbrNum,FALSE,FALSE,EW,"{""id"": ""lloyds_a"", ""description"": ""Lloyd's Law Reports"", ""label"": ""CITATION"", ""pattern"": [{""ORTH"": ""[""}, {""SHAPE"": ""dddd""}, {""ORTH"": ""]""}, {""LIKE_NUM"": true}, {""ORTH"": ""Lloyd""},{""ORTH"": ""'s""}, {""ORTH"": ""Law""},{""ORTH"": ""Reports""},{""LIKE_NUM"": true}]}"
lloyds_b,LLR,Lloyd's Law Reports,,[dddd] d1 Lloyd's Rep d2,[2022] 1 Lloyd's Rep 123,[2022] 1 Lloyd's Reports 123,PubYearNumAbbrNum,FALSE,FALSE,EW,"{""id"": ""lloyds_b"", ""description"": ""Lloyd's Law Reports"", ""label"": ""CITATION"", ""pattern"": [{""ORTH"": ""[""}, {""SHAPE"": ""dddd""}, {""ORTH"": ""]""}, {""LIKE_NUM"": true}, {""ORTH"": ""Lloyd""},{""ORTH"": ""'s""}, {""ORTH"": ""Reports""},{""LIKE_NUM"": true}]}"
lloyds_c,LLR,Lloyd's Law Reports,,[dddd] d1 Lloyd's Rep d2,[2022] 1 Lloyd's Rep 123,[2022] 1 LLOYDS REPORTS 123,PubYearNumAbbrNum,FALSE,FALSE,EW,"{""id"": ""lloyds_c"", ""description"": ""Lloyd's Law Reports"", ""label"": ""CITATION"", ""pattern"": [{""ORTH"": ""[""}, {""SHAPE"": ""dddd""}, {""ORTH"": ""]""}, {""LIKE_NUM"": true}, {""ORTH"": ""LLOYDS""}, {""ORTH"": ""REPORTS""},{""LIKE_NUM"": true}]}"
lloyds_d,LLR,Lloyd's Law Reports,,[dddd] d1 Lloyd's Rep d2,[2022] 1 Lloyd's Rep 123,[2022] 1 LLOYDS LAW REPORTS 123,PubYearNumAbbrNum,FALSE,FALSE,EW,"{""id"": ""lloyds_d"", ""description"": ""Lloyd's Law Reports"", ""label"": ""CITATION"", ""pattern"": [{""ORTH"": ""[""}, {""SHAPE"": ""dddd""}, {""ORTH"": ""]""}, {""LIKE_NUM"": true}, {""ORTH"": ""LLOYDS""},{""ORTH"": ""LAW""}, {""ORTH"": ""REPORTS""},{""LIKE_NUM"": true}]}"
lloyds_e,LLR,Lloyd's Law Reports,,[dddd] d1 Lloyd's Rep d2,[2022] 1 Lloyd's Rep 123,[2022] 1 LLOYD'S LAW REPORTS 123,PubYearNumAbbrNum,FALSE,FALSE,EW,"{""id"": ""lloyds_e"", ""description"": ""Lloyd's Law Reports"", ""label"": ""CITATION"", ""pattern"": [{""ORTH"": ""[""}, {""SHAPE"": ""dddd""}, {""ORTH"": ""]""}, {""LIKE_NUM"": true}, {""ORTH"": ""LLOYD""},{""ORTH"": ""'S""},{""ORTH"": ""LAW""}, {""ORTH"": ""REPORTS""},{""LIKE_NUM"": true}]}"
lloyds_f,LLR,Lloyd's Law Reports,,[dddd] d1 Lloyd's Rep d2,[2022] 1 Lloyd's Rep 123,[2022] 1 Lloyd's rep 123,PubYearNumAbbrNum,FALSE,FALSE,EW,"{""id"": ""lloyds_f"", ""description"": ""Lloyd's Law Reports"", ""label"": ""CITATION"", ""pattern"": [{""ORTH"": ""[""}, {""SHAPE"": ""dddd""}, {""ORTH"": ""]""}, {""LIKE_NUM"": true}, {""ORTH"": ""Lloyd""},{""ORTH"": ""'s""},{""ORTH"": ""rep""},{""LIKE_NUM"": true}]}"
lloyds_g,LLR,Lloyd's Law Reports,,[dddd] d1 Lloyd's Rep d2,[2022] 1 Lloyd's Rep 123,[2022] 1 Lloyd’s Rep 123,PubYearNumAbbrNum,FALSE,FALSE,EW,"{""id"": ""lloyds_g"", ""description"": ""Lloyd's Law Reports"", ""label"": ""CITATION"", ""pattern"": [{""ORTH"": ""[""}, {""SHAPE"": ""dddd""}, {""ORTH"": ""]""}, {""LIKE_NUM"": true}, {""ORTH"": ""Lloyd""},{""ORTH"": ""’s""}, {""ORTH"": ""Rep""},{""LIKE_NUM"": true}]}"
lloyds_h,LLR,Lloyd's Law Reports,,[dddd] d1 Lloyd's Rep d2,[2022] 1 Lloyd's Rep 123,[2022] 1 Lloyd’s Rep. 123,PubYearNumAbbrNum,FALSE,FALSE,EW,"{""id"": ""lloyds_h"", ""description"": ""Lloyd's Law Reports"", ""label"": ""CITATION"", ""pattern"": [{""ORTH"": ""[""}, {""SHAPE"": ""dddd""}, {""ORTH"": ""]""}, {""LIKE_NUM"": true}, {""ORTH"": ""Lloyd""},{""ORTH"": ""’s""}, {""ORTH"": ""Rep.""},{""LIKE_NUM"": true}]}"
lloyds_i,LLR,Lloyd's Law Reports,,[dddd] d1 Lloyd's Rep d2,[2022] 1 Lloyd's Rep 123,[2022] 1 Lloyds Rep 123,PubYearNumAbbrNum,FALSE,FALSE,EW,"{""id"": ""lloyds_i"", ""description"": ""Lloyd's Law Reports"", ""label"": ""CITATION"", ""pattern"": [{""ORTH"": ""[""}, {""SHAPE"": ""dddd""}, {""ORTH"": ""]""}, {""LIKE_NUM"": true}, {""ORTH"": ""Lloyds""}, {""ORTH"": ""Rep""},{""LIKE_NUM"": true}]}"
lloyds_j,LLR,Lloyd's Law Reports,,[dddd] d1 Lloyd's Rep d2,[2022] 1 Lloyd's Rep 123,[2022] 1 Lloyds Reports 123,PubYearNumAbbrNum,FALSE,FALSE,EW,"{""id"": ""lloyds_j"", ""description"": ""Lloyd's Law Reports"", ""label"": ""CITATION"", ""pattern"": [{""ORTH"": ""[""}, {""SHAPE"": ""dddd""}, {""ORTH"": ""]""}, {""LIKE_NUM"": true}, {""ORTH"": ""Lloyds""}, {""ORTH"": ""Reports""},{""LIKE_NUM"": true}]}"
lloyds_k,LLR,Lloyd's Law Reports,,[dddd] d1 Lloyd's Rep d2,[2022] 1 Lloyd's Rep 123,[2022] 1 Lloyds LR 123,PubYearNumAbbrNum,FALSE,FALSE,EW,"{""id"": ""lloyds_k"", ""description"": ""Lloyd's Law Reports"", ""label"": ""CITATION"", ""pattern"": [{""ORTH"": ""[""}, {""SHAPE"": ""dddd""}, {""ORTH"": ""]""}, {""LIKE_NUM"": true}, {""ORTH"": ""Lloyds""}, {""ORTH"": ""LR""},{""LIKE_NUM"": true}]}"
lloyds_l,LLR,Lloyd's Law Reports,,[dddd] d1 Lloyd's Rep d2,[2022] 1 Lloyd's Rep 123,[2022] 1 Lloyds L R 123,PubYearNumAbbrNum,FALSE,FALSE,EW,"{""id"": ""lloyds_l"", ""description"": ""Lloyd's Law Reports"", ""label"": ""CITATION"", ""pattern"": [{""ORTH"": ""[""}, {""SHAPE"": ""dddd""}, {""ORTH"": ""]""}, {""LIKE_NUM"": true}, {""ORTH"": ""Lloyds""}, {""ORTH"": ""L""}, {""ORTH"": ""R""}, {""LIKE_NUM"": true}]}"
pacr,PACR,Planning Property and Compensation Reports,,[dddd] d1 P&CR d2,[2022] 1 P&CR 123,[2022] 1 P&CR 123,PubYearNumAbbrNum,TRUE,FALSE,EW,"{""id"": ""pacr"", ""description"": ""Planning Property and Compensation Reports"", ""label"": ""CITATION"", ""pattern"": [{""ORTH"": ""[""}, {""SHAPE"": ""dddd""}, {""ORTH"": ""]""}, {""LIKE_NUM"": true}, {""ORTH"": ""P&CR""},{""LIKE_NUM"": true}]}"
piqr,PIQR,Personal Injury Quarterly Review,,[dddd] PIQR d+,[2022] PIQR 123,[2022] PIQR 123,PubYearAbbrNum,TRUE,FALSE,EW,"{""id"": ""piqr"", ""description"": ""Personal Injury Quarterly Review"", ""label"": ""CITATION"", ""pattern"": [{""ORTH"": ""[""}, {""SHAPE"": ""dddd""}, {""ORTH"": ""]""},{""ORTH"": ""PIQR""},{""LIKE_NUM"": true}]}"
ewfc_a,EWFC,Family Court,https://caselaw.nationalarchives.gov.uk/ewfc/year/d1,[dddd] EWFC d+,[2022] EWFC 123,(2022) EWFC 123,NCitYearAbbrNum,FALSE,TRUE,EW,"{""id"": ""ewfc_a"", ""description"": ""Family Court"" ,""label"": ""CITATION"", ""pattern"": [{""ORTH"": ""(""}, {""SHAPE"": ""dddd""}, {""ORTH"": "")""}, {""ORTH"": ""EWFC""} , {""LIKE_NUM"": true}]}"
ewfc_b,EWFC,Family Court,https://caselaw.nationalarchives.gov.uk/ewfc/year/d1,[dddd] EWFC d+,[2022] EWFC 123,2022 EWFC 123,NCitYearAbbrNum,FALSE,TRUE,EW,"{""id"": ""ewfc_b"", ""description"": ""Family Court"" ,""label"": ""CITATION"", ""pattern"": [{""SHAPE"": ""dddd""}, {""ORTH"": ""EWFC""} , {""LIKE_NUM"": true}]}"
ewhc_admin,EWHC-QBD-Admin,High Court (Administrative Court),https://caselaw.nationalarchives.gov.uk/admin/ch/year/d1,[dddd] EWHC d+ (Admin),[2022] EWHC 123 (Admin),[2022] EWHC 123 (Admin),NCitYearAbbrNumDiv,TRUE,TRUE,EW,"{""id"": ""ewhc_admin"", ""description"": ""High Court (Administrative Court)"" ,""label"": ""CITATION"", ""pattern"": [{""ORTH"": ""[""}, {""SHAPE"": ""dddd""}, {""ORTH"": ""]""}, {""ORTH"": ""EWHC""} , {""LIKE_NUM"": true}, {""ORTH"": ""(""}, {""ORTH"": ""Admin""}, {""ORTH"": "")""}]}"
ewhc_admin_a,EWHC-QBD-Admin,High Court (Administrative Court),https://caselaw.nationalarchives.gov.uk/admin/ch/year/d1,[dddd] EWHC d+ (Admin),[2022] EWHC 123 (Admin),[2022] EWHC Admin 123,NCitYearAbbrNumDiv,FALSE,TRUE,EW,"{""id"": ""ewhc_admin_a"", ""description"": ""High Court (Administrative Court)"" ,""label"": ""CITATION"", ""pattern"": [{""ORTH"": ""[""}, {""SHAPE"": ""dddd""}, {""ORTH"": ""]""}, {""ORTH"": ""EWHC""}, {""ORTH"": ""Admin""}, {""LIKE_NUM"": true}]}"
ewhc_admin_b,EWHC-QBD-Admin,High Court (Administrative Court),https://caselaw.nationalarchives.gov.uk/admin/ch/year/d1,[dddd] EWHC d+ (Admin),[2022] EWHC 123 (Admin),[2022] EWHC 123 Admin,NCitYearAbbrNumDiv,FALSE,TRUE,EW,"{""id"": ""ewhc_admin_b"", ""description"": ""High Court (Administrative Court)"" ,""label"": ""CITATION"", ""pattern"": [{""ORTH"": ""[""}, {""SHAPE"": ""dddd""}, {""ORTH"": ""]""}, {""ORTH"": ""EWHC""}, {""LIKE_NUM"": true}, {""ORTH"": ""Admin""}]}"
ewhc_admin_c,EWHC-QBD-Admin,High Court (Administrative Court),https://caselaw.nationalarchives.gov.uk/admin/ch/year/d1,[dddd] EWHC d+ (Admin),[2022] EWHC 123 (Admin),2022] EWHC 123 (Admin),NCitYearAbbrNumDiv,TRUE,TRUE,EW,"{""id"": ""ewhc_admin_c"", ""description"": ""High Court (Administrative Court)"" ,""label"": ""CITATION"", ""pattern"": [{""SHAPE"": ""dddd""}, {""ORTH"": ""]""}, {""ORTH"": ""EWHC""} , {""LIKE_NUM"": true}, {""ORTH"": ""(""}, {""ORTH"": ""Admin""}, {""ORTH"": "")""}]}"
ewhc_admin_d,EWHC-QBD-Admin,High Court (Administrative Court),https://caselaw.nationalarchives.gov.uk/admin/ch/year/d1,[dddd] EWHC d+ (Admin),[2022] EWHC 123 (Admin),[2022] EWHC (123 (Admin),NCitYearAbbrNumDiv,TRUE,TRUE,EW,"{""id"": ""ewhc_admin_d"", ""description"": ""High Court (Administrative Court)"" ,""label"": ""CITATION"", ""pattern"": [{""ORTH"": ""[""}, {""SHAPE"": ""dddd""}, {""ORTH"": ""]""}, {""ORTH"": ""EWHC""}, {""ORTH"": ""(""}, {""LIKE_NUM"": true}, {""ORTH"": ""(""}, {""ORTH"": ""Admin""}, {""ORTH"": "")""}]}"
ewhc_admin_e,EWHC-QBD-Admin,High Court (Administrative Court),https://caselaw.nationalarchives.gov.uk/admin/ch/year/d1,[dddd] EWHC d+ (Admin),[2022] EWHC 123 (Admin),[2022[ EWHC 123 (Admin),NCitYearAbbrNumDiv,TRUE,TRUE,EW,"{""id"": ""ewhc_admin_e"", ""description"": ""High Court (Administrative Court)"" ,""label"": ""CITATION"", ""pattern"": [{""ORTH"": ""[""}, {""SHAPE"": ""dddd""}, {""ORTH"": ""[""}, {""ORTH"": ""EWHC""}, {""LIKE_NUM"": true}, {""ORTH"": ""(""}, {""ORTH"": ""Admin""}, {""ORTH"": "")""}]}"
ewhc_admin_f,EWHC-QBD-Admin,High Court (Administrative Court),https://caselaw.nationalarchives.gov.uk/admin/ch/year/d1,[dddd] EWHC d+ (Admin),[2022] EWHC 123 (Admin),[2022] [EWHC 123] (Admin),NCitYearAbbrNumDiv,TRUE,TRUE,EW,"{""id"": ""ewhc_admin_f"", ""description"": ""High Court (Administrative Court)"" ,""label"": ""CITATION"", ""pattern"": [{""ORTH"": ""[""}, {""SHAPE"": ""dddd""}, {""ORTH"": ""]""}, {""ORTH"": ""[""}, {""ORTH"": ""EWHC""}, {""LIKE_NUM"": true}, {""ORTH"": ""]""}, {""ORTH"": ""(""}, {""ORTH"": ""Admin""}, {""ORTH"": "")""}]}"
ewhc_admlty,EWHC-QBD-Admiralty,High Court (Admiralty Division),https://caselaw.nationalarchives.gov.uk/admlty/ch/year/d1,[dddd] EWHC d+ (Admlty),[2022] EWHC 123 (Admlty),[2022] EWHC 123 (Admlty),NCitYearAbbrNumDiv,TRUE,TRUE,EW,"{""id"": ""ewhc_admlty"", ""description"": ""High Court (Admiralty Division)"" ,""label"": ""CITATION"", ""pattern"": [{""ORTH"": ""[""}, {""SHAPE"": ""dddd""}, {""ORTH"": ""]""}, {""ORTH"": ""EWHC""} , {""LIKE_NUM"": true}, {""ORTH"": ""(""}, {""ORTH"": ""Admlty""}, {""ORTH"": "")""}]}"
ewhc_admlty_a,EWHC-QBD-Admiralty,High Court (Admiralty Division),https://caselaw.nationalarchives.gov.uk/admlty/ch/year/d1,[dddd] EWHC d+ (Admlty),[2022] EWHC 123 (Admlty),(2022) EWHC 123 (Admlty),NCitYearAbbrNumDiv,FALSE,TRUE,EW,"{""id"": ""ewhc_admlty_a"", ""description"": ""High Court (Admiralty Division)"" ,""label"": ""CITATION"", ""pattern"": [{""ORTH"": ""(""}, {""SHAPE"": ""dddd""}, {""ORTH"": "")""}, {""ORTH"": ""EWHC""} , {""LIKE_NUM"": true}, {""ORTH"": ""(""}, {""ORTH"": ""Admlty""}, {""ORTH"": "")""}]}"
ewhc_ch,EWHC-Chancery,High Court (Chancery Division),https://caselaw.nationalarchives.gov.uk/ewhc/ch/year/d1,[dddd] EWHC d+ (Ch),[2022] EWHC 123 (Ch),[2022] EWHC 123 (Ch),NCitYearAbbrNumDiv,TRUE,TRUE,EW,"{""id"": ""ewhc_ch"", ""description"": ""High Court (Chancery Division)"" ,""label"": ""CITATION"", ""pattern"": [{""ORTH"": ""[""}, {""SHAPE"": ""dddd""}, {""ORTH"": ""]""}, {""ORTH"": ""EWHC""} , {""LIKE_NUM"": true}, {""ORTH"": ""(""}, {""ORTH"": ""Ch""}, {""ORTH"": "")""}]}"
ewhc_ch_a,EWHC-Chancery,High Court (Chancery Division),https://caselaw.nationalarchives.gov.uk/ewhc/ch/year/d1,[dddd] EWHC d+ (Ch),[2022] EWHC 123 (Ch),(2022) EWHC 123 (Ch),NCitYearAbbrNumDiv,FALSE,TRUE,EW,"{""id"": ""ewhc_ch_a"", ""description"": ""High Court (Chancery Division)"" ,""label"": ""CITATION"", ""pattern"": [{""ORTH"": ""(""}, {""SHAPE"": ""dddd""}, {""ORTH"": "")""}, {""ORTH"": ""EWHC""} , {""LIKE_NUM"": true}, {""ORTH"": ""(""}, {""ORTH"": ""Ch""}, {""ORTH"": "")""}]}"
ewhc_ch_b,EWHC-Chancery,High Court (Chancery Division),https://caselaw.nationalarchives.gov.uk/ewhc/ch/year/d1,[dddd] EWHC d+ (Ch),[2022] EWHC 123 (Ch),[2022] EWHC 123 (Ch.),NCitYearAbbrNumDiv,FALSE,TRUE,EW,"{""id"": ""ewhc_ch_b"", ""description"": ""High Court (Chancery Division)"" ,""label"": ""CITATION"", ""pattern"": [{""ORTH"": ""[""}, {""SHAPE"": ""dddd""}, {""ORTH"": ""]""}, {""ORTH"": ""EWHC""} , {""LIKE_NUM"": true}, {""ORTH"": ""(""}, {""ORTH"": ""Ch""},{""ORTH"": "".""}, {""ORTH"": "")""}]}"
ewhc_ch_c,EWHC-Chancery,High Court (Chancery Division),https://caselaw.nationalarchives.gov.uk/ewhc/ch/year/d1,[dddd] EWHC d+ (Ch),[2022] EWHC 123 (Ch),[2022] EWHC 123 Ch,NCitYearAbbrNumDiv,FALSE,TRUE,EW,"{""id"": ""ewhc_ch_c"", ""description"": ""High Court (Chancery Division)"" ,""label"": ""CITATION"", ""pattern"": [{""ORTH"": ""[""}, {""SHAPE"": ""dddd""}, {""ORTH"": ""]""}, {""ORTH"": ""EWHC""} , {""LIKE_NUM"": true}, {""ORTH"": ""Ch""}]}"
ewhc_ch_d,EWHC-Chancery,High Court (Chancery Division),https://caselaw.nationalarchives.gov.uk/ewhc/ch/year/d1,[dddd] EWHC d+ (Ch),[2022] EWHC 123 (Ch),[2022] EWHC (Ch) 123,NCitYearAbbrNumDiv,TRUE,TRUE,EW,"{""id"": ""ewhc_ch_d"", ""description"": ""High Court (Chancery Division)"" ,""label"": ""CITATION"", ""pattern"": [{""ORTH"": ""[""}, {""SHAPE"": ""dddd""}, {""ORTH"": ""]""}, {""ORTH"": ""EWHC""}, {""ORTH"": ""(""}, {""ORTH"": ""Ch""}, {""ORTH"": "")""}, {""LIKE_NUM"": true}]}"
ewhc_comm,EWHC-QBD-Commercial,High Court (Commercial Court),https://caselaw.nationalarchives.gov.uk/ewhc/comm/year/d1,[dddd] EWHC d+ (Comm),[2022] EWHC 123 (Comm),[2022] EWHC 123 (Comm),NCitYearAbbrNumDiv,TRUE,TRUE,EW,"{""id"": ""ewhc_comm"", ""description"": ""High Court (Commercial Court)"" ,""label"": ""CITATION"", ""pattern"": [{""ORTH"": ""[""}, {""SHAPE"": ""dddd""}, {""ORTH"": ""]""}, {""ORTH"": ""EWHC""} , {""LIKE_NUM"": true}, {""ORTH"": ""(""}, {""ORTH"": ""Comm""}, {""ORTH"": "")""}]}"
ewhc_comm_a,EWHC-QBD-Commercial,High Court (Commercial Court),https://caselaw.nationalarchives.gov.uk/ewhc/comm/year/d1,[dddd] EWHC d+ (Comm),[2022] EWHC 123 (Comm),(2022) EWHC 123 (Comm),NCitYearAbbrNumDiv,FALSE,TRUE,EW,"{""id"": ""ewhc_comm_a"", ""description"": ""High Court (Commercial Court)"" ,""label"": ""CITATION"", ""pattern"": [{""ORTH"": ""(""}, {""SHAPE"": ""dddd""}, {""ORTH"": "")""}, {""ORTH"": ""EWHC""} , {""LIKE_NUM"": true}, {""ORTH"": ""(""}, {""ORTH"": ""Comm""}, {""ORTH"": "")""}]}"
ewhc_comm_b,EWHC-QBD-Commercial,High Court (Commercial Court),https://caselaw.nationalarchives.gov.uk/ewhc/comm/year/d1,[dddd] EWHC d+ (Comm),[2022] EWHC 123 (Comm),[2022] EWHC 123 (Comm.),NCitYearAbbrNumDiv,TRUE,TRUE,EW,"{""id"": ""ewhc_comm_b"", ""description"": ""High Court (Commercial Court)"" ,""label"": ""CITATION"", ""pattern"": [{""ORTH"": ""[""}, {""SHAPE"": ""dddd""}, {""ORTH"": ""]""}, {""ORTH"": ""EWHC""} , {""LIKE_NUM"": true}, {""ORTH"": ""(""}, {""ORTH"": ""Comm""}, {""ORTH"": "".""}, {""ORTH"": "")""}]}"
ewhc_costs,EWHC-SeniorCourtsCosts,High Court (Senior Court Costs Office),https://caselaw.nationalarchives.gov.uk/ewhc/costs/year/d1,[dddd] EWHC d+ (Costs),[2022] EWHC 123 (Costs),[2022] EWHC 123 (Costs),NCitYearAbbrNumDiv,TRUE,TRUE,EW,"{""id"": ""ewhc_costs"", ""description"": ""High Court (Senior Court Costs Office)"" ,""label"": ""CITATION"", ""pattern"": [{""ORTH"": ""[""}, {""SHAPE"": ""dddd""}, {""ORTH"": ""]""}, {""ORTH"": ""EWHC""} , {""LIKE_NUM"": true}, {""ORTH"": ""(""}, {""ORTH"": ""Costs""}, {""ORTH"": "")""}]}"
ewhc_costs_a,EWHC-SeniorCourtsCosts,High Court (Senior Court Costs Office),https://caselaw.nationalarchives.gov.uk/ewhc/costs/year/d1,[dddd] EWHC d+ (Costs),[2022] EWHC 123 (Costs),(2022) EWHC 123 (Costs),NCitYearAbbrNumDiv,FALSE,TRUE,EW,"{""id"": ""ewhc_costs_a"", ""description"": ""High Court (Senior Court Costs Office)"" ,""label"": ""CITATION"", ""pattern"": [{""ORTH"": ""(""}, {""SHAPE"": ""dddd""}, {""ORTH"": "")""}, {""ORTH"": ""EWHC""} , {""LIKE_NUM"": true}, {""ORTH"": ""(""}, {""ORTH"": ""Costs""}, {""ORTH"": "")""}]}"
ewhc_fam,EWHC-Family,High Court (Family Division),https://caselaw.nationalarchives.gov.uk/ewhc/fam/year/d1,[dddd] EWHC d+ (Fam),[2022] EWHC 123 (Fam),[2022] EWHC 123 (Fam),NCitYearAbbrNumDiv,TRUE,TRUE,EW,"{""id"": ""ewhc_fam"", ""description"": ""High Court (Family Division)"" ,""label"": ""CITATION"", ""pattern"": [{""ORTH"": ""[""}, {""SHAPE"": ""dddd""}, {""ORTH"": ""]""}, {""ORTH"": ""EWHC""} , {""LIKE_NUM"": true}, {""ORTH"": ""(""}, {""ORTH"": ""Fam""}, {""ORTH"": "")""}]}"
ewhc_fam_a,EWHC-Family,High Court (Family Division),https://caselaw.nationalarchives.gov.uk/ewhc/fam/year/d1,[dddd] EWHC d+ (Fam),[2022] EWHC 123 (Fam),(2022) EWHC 123 (Fam),NCitYearAbbrNumDiv,FALSE,TRUE,EW,"{""id"": ""ewhc_fam_a"", ""description"": ""High Court (Family Division)"" ,""label"": ""CITATION"", ""pattern"": [{""ORTH"": ""(""}, {""SHAPE"": ""dddd""}, {""ORTH"": "")""}, {""ORTH"": ""EWHC""} , {""LIKE_NUM"": true}, {""ORTH"": ""(""}, {""ORTH"": ""Fam""}, {""ORTH"": "")""}]}"
ewhc_fam_b,EWHC-Family,High Court (Family Division),https://caselaw.nationalarchives.gov.uk/ewhc/fam/year/d1,[dddd] EWHC d+ (Fam),[2022] EWHC 123 (Fam),2022] EWHC 123 (Fam),NCitYearAbbrNumDiv,TRUE,TRUE,EW,"{""id"": ""ewhc_fam_b"", ""description"": ""High Court (Family Division)"" ,""label"": ""CITATION"", ""pattern"": [{""SHAPE"": ""dddd""}, {""ORTH"": ""]""}, {""ORTH"": ""EWHC""} , {""LIKE_NUM"": true}, {""ORTH"": ""(""}, {""ORTH"": ""Fam""}, {""ORTH"": "")""}]}"
ewhc_ipec,EWHC-Chancery-IPEC,Intellectual Property Enterprise Court,https://caselaw.nationalarchives.gov.uk/ewhc/ipec/year/d1,[dddd] EWHC d+ (IPEC),[2022] EWHC 123 (IPEC),[2022] EWHC 123 (IPEC),NCitYearAbbrNumDiv,TRUE,TRUE,EW,"{""id"": ""ewhc_ipec"", ""description"": ""Intellectual Property Enterprise Court "" ,""label"": ""CITATION"", ""pattern"": [{""ORTH"": ""[""}, {""SHAPE"": ""dddd""}, {""ORTH"": ""]""}, {""ORTH"": ""EWHC""} , {""LIKE_NUM"": true}, {""ORTH"": ""(""}, {""ORTH"": ""IPEC""}, {""ORTH"": "")""}]}"
ewhc_ipec_a,EWHC-Chancery-IPEC,Intellectual Property Enterprise Court,https://caselaw.nationalarchives.gov.uk/ewhc/ipec/year/d1,[dddd] EWHC d+ (IPEC),[2022] EWHC 123 (IPEC),(2022) EWHC 123 (IPEC),NCitYearAbbrNumDiv,FALSE,TRUE,EW,"{""id"": ""ewhc_ipec_a"", ""description"": ""Intellectual Property Enterprise Court "" ,""label"": ""CITATION"", ""pattern"": [{""ORTH"": ""(""}, {""SHAPE"": ""dddd""}, {""ORTH"": "")""}, {""ORTH"": ""EWHC""} , {""LIKE_NUM"": true}, {""ORTH"": ""(""}, {""ORTH"": ""IPEC""}, {""ORTH"": "")""}]}"
ewhc_merc,EWHC-QBD-Mercantile,High Court (Mercantile Court),https://caselaw.nationalarchives.gov.uk/ewhc/mercantile/year/d1,[dddd] EWHC d+ (Mercantile),[2022] EWHC 123 (Mercantile),[2022] EWHC 123 (Mercantile),NCitYearAbbrNumDiv,TRUE,TRUE,EW,"{""id"": ""ewhc_merc"", ""description"": ""High Court (Mercantile Court)"" ,""label"": ""CITATION"", ""pattern"": [{""ORTH"": ""[""}, {""SHAPE"": ""dddd""}, {""ORTH"": ""]""}, {""ORTH"": ""EWHC""} , {""LIKE_NUM"": true}, {""ORTH"": ""(""}, {""ORTH"": ""Mercantile""}, {""ORTH"": "")""}]}"
ewhc_merc_a,EWHC-QBD-Mercantile,High Court (Mercantile Court),https://caselaw.nationalarchives.gov.uk/ewhc/mercantile/year/d1,[dddd] EWHC d+ (Mercantile),[2022] EWHC 123 (Mercantile),(2022) EWHC 123 (Mercantile),NCitYearAbbrNumDiv,FALSE,TRUE,EW,"{""id"": ""ewhc_merc_a"", ""description"": ""High Court (Mercantile Court)"" ,""label"": ""CITATION"", ""pattern"": [{""ORTH"": ""(""}, {""SHAPE"": ""dddd""}, {""ORTH"": "")""}, {""ORTH"": ""EWHC""} , {""LIKE_NUM"": true}, {""ORTH"": ""(""}, {""ORTH"": ""Mercantile""}, {""ORTH"": "")""}]}"
ewhc_pat,EWHC-Chancery-Patents,High Court (Patents Court),https://caselaw.nationalarchives.gov.uk/ewhc/pat/year/d1,[dddd] EWHC d+ (Pat),[2022] EWHC 123 (Pat),[2022] EWHC 123 (Pat),NCitYearAbbrNumDiv,TRUE,TRUE,EW,"{""id"": ""ewhc_pat"", ""description"": ""High Court (Patents Court)"" ,""label"": ""CITATION"", ""pattern"": [{""ORTH"": ""[""}, {""SHAPE"": ""dddd""}, {""ORTH"": ""]""}, {""ORTH"": ""EWHC""} , {""LIKE_NUM"": true}, {""ORTH"": ""(""}, {""ORTH"": ""Pat""}, {""ORTH"": "")""}]}"
ewhc_pat_a,EWHC-Chancery-Patents,High Court (Patents Court),https://caselaw.nationalarchives.gov.uk/ewhc/pat/year/d1,[dddd] EWHC d+ (Pat),[2022] EWHC 123 (Pat),(2022) EWHC 123 (Pat),NCitYearAbbrNumDiv,FALSE,TRUE,EW,"{""id"": ""ewhc_pat_a"", ""description"": ""High Court (Patents Court)"" ,""label"": ""CITATION"", ""pattern"": [{""ORTH"": ""(""}, {""SHAPE"": ""dddd""}, {""ORTH"": "")""}, {""ORTH"": ""EWHC""} , {""LIKE_NUM"": true}, {""ORTH"": ""(""}, {""ORTH"": ""Pat""}, {""ORTH"": "")""}]}"
ewhc_qb,EWHC-QBD,High Court (Queen's Bench Division),https://caselaw.nationalarchives.gov.uk/ewhc/qb/year/d1,[dddd] EWHC d+ (QB),[2022] EWHC 123 (QB),[2022] EWHC 123 (QB),NCitYearAbbrNumDiv,TRUE,TRUE,EW,"{""id"": ""ewhc_qb"", ""description"": ""High Court (Queen's Bench Division)"" ,""label"": ""CITATION"", ""pattern"": [{""ORTH"": ""[""}, {""SHAPE"": ""dddd""}, {""ORTH"": ""]""}, {""ORTH"": ""EWHC""} , {""LIKE_NUM"": true}, {""ORTH"": ""(""}, {""ORTH"": ""QB""}, {""ORTH"": "")""}]}"
ewhc_qb_a,EWHC-QBD,High Court (Queen's Bench Division),https://caselaw.nationalarchives.gov.uk/ewhc/qb/year/d1,[dddd] EWHC d+ (QB),[2022] EWHC 123 (QB),(2022) EWHC 123 (QB),NCitYearAbbrNumDiv,FALSE,TRUE,EW,"{""id"": ""ewhc_qb_a"", ""description"": ""High Court (Queen's Bench Division)"" ,""label"": ""CITATION"", ""pattern"": [{""ORTH"": ""(""}, {""SHAPE"": ""dddd""}, {""ORTH"": "")""}, {""ORTH"": ""EWHC""} , {""LIKE_NUM"": true}, {""ORTH"": ""(""}, {""ORTH"": ""QB""}, {""ORTH"": "")""}]}"
ewhc_tcc,EWHC-QBD-TCC,High Court (Technology and Construction Court),https://caselaw.nationalarchives.gov.uk/ewhc/tcc/year/d1,[dddd] EWHC d+ (TCC),[2022] EWHC 123 (TCC),[2022] EWHC 123 (TCC),NCitYearAbbrNumDiv,TRUE,TRUE,EW,"{""id"": ""ewhc_tcc"", ""description"": ""High Court (Technology and Construction Court)"" ,""label"": ""CITATION"", ""pattern"": [{""ORTH"": ""[""}, {""SHAPE"": ""dddd""}, {""ORTH"": ""]""}, {""ORTH"": ""EWHC""} , {""LIKE_NUM"": true}, {""ORTH"": ""(""}, {""ORTH"": ""TCC""}, {""ORTH"": "")""}]}"
ewhc_tcc_a,EWHC-QBD-TCC,High Court (Technology and Construction Court),https://caselaw.nationalarchives.gov.uk/ewhc/tcc/year/d1,[dddd] EWHC d+ (TCC),[2022] EWHC 123 (TCC),(2022) EWHC 123 (TCC),NCitYearAbbrNumDiv,TRUE,TRUE,EW,"{""id"": ""ewhc_tcc_a"", ""description"": ""High Court (Technology and Construction Court)"" ,""label"": ""CITATION"", ""pattern"": [{""ORTH"": ""(""}, {""SHAPE"": ""dddd""}, {""ORTH"": "")""}, {""ORTH"": ""EWHC""} , {""LIKE_NUM"": true}, {""ORTH"": ""(""}, {""ORTH"": ""TCC""}, {""ORTH"": "")""}]}"
ftt_grc,UKFTT-GRC,First-tier Tribunal (General Regulatory Chamber),https://caselaw.nationalarchives.gov.uk/ukftt/grc/year/d1_d2,[dddd] UKFTT d1_d2 (GRC),[2022] UKFTT 2020_0341 (GRC),[2022] UKFTT 2020_0341 (GRC),NCitYearAbbrNumUnderNumDiv,TRUE,TRUE,UK,"{""id"": ""ftt_grc"", ""description"": ""First-tier Tribunal (General Regulatory Chamber)"", ""label"": ""CITATION"", ""pattern"": [{""ORTH"": ""[""}, {""SHAPE"": ""dddd""}, {""ORTH"": ""]""}, {""ORTH"": ""UKFTT""}, {""TEXT"": {""REGEX"": ""\\d+_\\d+""}}, {""ORTH"": ""(""}, {""ORTH"": ""GRC""}, {""ORTH"": "")""}]}"
ftt_grc_a,UKFTT-GRC,First-tier Tribunal (General Regulatory Chamber),https://caselaw.nationalarchives.gov.uk/ukftt/grc/year/d1_d2,[dddd] UKFTT d1_d2 (GRC),[2022] UKFTT 2020_0341 (GRC),(2022) UKFTT 2020_0341 (GRC),NCitYearAbbrNumUnderNumDiv,FALSE,TRUE,UK,"{""id"": ""ftt_grc_a"", ""description"": ""First-tier Tribunal (General Regulatory Chamber)"", ""label"": ""CITATION"", ""pattern"": [{""ORTH"": ""(""}, {""SHAPE"": ""dddd""}, {""ORTH"": "")""}, {""ORTH"": ""UKFTT""}, {""TEXT"": {""REGEX"": ""\\d+_\\d+""}}, {""ORTH"": ""(""}, {""ORTH"": ""GRC""}, {""ORTH"": "")""}]}"
ftt_grc_b,UKFTT-GRC,First-tier Tribunal (General Regulatory Chamber),https://caselaw.nationalarchives.gov.uk/ukftt/grc/year/d1_d2,[dddd] UKFTT d1_d2 (GRC),[2022] UKFTT 2020_0341 (GRC),[2022] UKFTT 2020_0341 (GCR),NCitYearAbbrNumUnderNumDiv,FALSE,TRUE,UK,"{""id"": ""ftt_grc_b"", ""description"": ""First-tier Tribunal (General Regulatory Chamber)"", ""label"": ""CITATION"", ""pattern"": [{""ORTH"": ""[""}, {""SHAPE"": ""dddd""}, {""ORTH"": ""]""}, {""ORTH"": ""UKFTT""}, {""TEXT"": {""REGEX"": ""\\d+_\\d+""}}, {""ORTH"": ""(""}, {""ORTH"": ""GCR""}, {""ORTH"": "")""}]}"
ftt_grc_c,UKFTT-GRC,First-tier Tribunal (General Regulatory Chamber),https://caselaw.nationalarchives.gov.uk/ukftt/grc/year/d1_d2,[dddd] UKFTT d1_d2 (GRC),[2022] UKFTT 2020_0341 (GRC),[2022] UKFTT 2020/0341 (GRC),NCitYearAbbrNumUnderNumDiv,FALSE,TRUE,UK,"{""id"": ""ftt_grc_c"", ""description"": ""First-tier Tribunal (General Regulatory Chamber)"", ""label"": ""CITATION"", ""pattern"": [{""ORTH"": ""[""}, {""SHAPE"": ""dddd""}, {""ORTH"": ""]""}, {""ORTH"": ""UKFTT""}, {""TEXT"": {""REGEX"": ""\\d+\\/\\d+""}}, {""ORTH"": ""(""}, {""ORTH"": ""GRC""}, {""ORTH"": "")""}]}"
ftt_hesc,UKFTT-HESC,"First-tier Tribunal (Health, Education and Social Care Chamber)",https://caselaw.nationalarchives.gov.uk/ukftt/hesc/year/d1,[dddd] UKFTT d+ (HESC),[2022] UKFTT 123 (HESC),[2022] UKFTT 123 (HESC),NCitYearAbbrNumDiv,TRUE,TRUE,UK,"{""id"": ""ftt_hesc"", ""description"": ""First-tier Tribunal (Health, Education and Social Care Chamber)"" ,""label"": ""CITATION"", ""pattern"": [{""ORTH"": ""[""}, {""SHAPE"": ""dddd""}, {""ORTH"": ""]""}, {""ORTH"": ""UKFTT""} , {""LIKE_NUM"": true}, {""ORTH"": ""(""}, {""ORTH"": ""HESC""}, {""ORTH"": "")""}]}"
ftt_tc,UKFTT-TC,First-tier Tribunal (Tax Chamber),https://caselaw.nationalarchives.gov.uk/ukftt/tc/year/d1,[dddd] UKFTT d+ (TC),[2022] UKFTT 123 (TC),[2022] UKFTT 123 (TC),NCitYearAbbrNumDiv,TRUE,TRUE,UK,"{""id"": ""ftt_tc"", ""description"": ""First-tier Tribunal (Tax Chamber)"" ,""label"": ""CITATION"", ""pattern"": [{""ORTH"": ""[""}, {""SHAPE"": ""dddd""}, {""ORTH"": ""]""}, {""ORTH"": ""UKFTT""} , {""LIKE_NUM"": true}, {""ORTH"": ""(""}, {""ORTH"": ""TC""}, {""ORTH"": "")""}]}"
ftt_tc_a,UKFTT-TC,First-tier Tribunal (Tax Chamber),https://caselaw.nationalarchives.gov.uk/ukftt/tc/year/d1,[dddd] UKFTT d+ (TC),[2022] UKFTT 123 (TC),(2022) UKFTT 123 (TC),NCitYearAbbrNumDiv,FALSE,TRUE,UK,"{""id"": ""ftt_tc_a"", ""description"": ""First-tier Tribunal (Tax Chamber)"" ,""label"": ""CITATION"", ""pattern"": [{""ORTH"": ""(""}, {""SHAPE"": ""dddd""}, {""ORTH"": "")""}, {""ORTH"": ""UKFTT""} , {""LIKE_NUM"": true}, {""ORTH"": ""(""}, {""ORTH"": ""TC""}, {""ORTH"": "")""}]}"
ukcat,CAT,United Kingdom Competition Appeals Tribunal,https://caselaw.nationalarchives.gov.uk/cat/year/d1,[dddd] CAT d+,[2022] CAT 123,[2022] CAT 123,NCitYearAbbrNum,TRUE,TRUE,UK,"{""id"": ""ukcat"", ""description"": ""United Kingdom Competition Appeals Tribunal"" ,""label"": ""CITATION"", ""pattern"": [{""ORTH"": ""[""}, {""SHAPE"": ""dddd""}, {""ORTH"": ""]""}, {""ORTH"": ""CAT""} , {""LIKE_NUM"": true}]}"
ukcat_a,CAT,United Kingdom Competition Appeals Tribunal,https://caselaw.nationalarchives.gov.uk/cat/year/d1,[dddd] CAT d+,[2022] CAT 123,(2022) CAT 123,NCitYearAbbrNum,TRUE,TRUE,UK,"{""id"": ""ukcat_a"", ""description"": ""United Kingdom Competition Appeals Tribunal"" ,""label"": ""CITATION"", ""pattern"": [{""ORTH"": ""(""}, {""SHAPE"": ""dddd""}, {""ORTH"": "")""}, {""ORTH"": ""CAT""} , {""LIKE_NUM"": true}]}"
uket,ET,United Kingdom Employment Tribunal,https://caselaw.nationalarchives.gov.uk/eat/year/d1,[dddd] UKET d1/d2,[2022] UKET 123456/2022,[2022] UKET 123456/2022,NCitYearAbrrNumStrokeNum,TRUE,TRUE,UK,"{""id"": ""uket"", ""description"": ""United Kingdom Employment Tribunal"", ""label"": ""CITATION"", ""pattern"": [{""ORTH"": ""[""}, {""SHAPE"": ""dddd""}, {""ORTH"": ""]""}, {""ORTH"": ""UKET""}, {""TEXT"": {""REGEX"": ""\\d+\\/\\d+""}}]}"
uket_a,ET,United Kingdom Employment Tribunal,https://caselaw.nationalarchives.gov.uk/eat/year/d1,[dddd] UKET d1/d2,[2022] UKET 123456/2022,[2022] UKET 123456_2022,NCitYearAbrrNumStrokeNum,FALSE,TRUE,UK,"{""id"": ""uket_a"", ""description"": ""United Kingdom Employment Tribunal"", ""label"": ""CITATION"", ""pattern"": [{""ORTH"": ""[""}, {""SHAPE"": ""dddd""}, {""ORTH"": ""]""}, {""ORTH"": ""UKET""}, {""TEXT"": {""REGEX"": ""\\d+_\\d+""}}]}"
ukhl,UKHL,United Kingdom House of Lords,https://caselaw.nationalarchives.gov.uk/ukhl/year/d1,[dddd] UKHL d+,[2005] UKHL 123,[2005] UKHL 123,NCitYearAbbrNum,TRUE,TRUE,UK,"{""id"": ""ukhl"", ""description"": ""Judicial Committee of the House of Lords"" ,""label"": ""CITATION"", ""pattern"": [{""ORTH"": ""[""}, {""SHAPE"": ""dddd""}, {""ORTH"": ""]""}, {""ORTH"": ""UKHL""} , {""LIKE_NUM"": true}]}"
ukhl_a,UKHL,United Kingdom House of Lords,https://caselaw.nationalarchives.gov.uk/ukhl/year/d1,[dddd] UKHL d+,[2005] UKHL 123,(2005) UKHL 123,NCitYearAbbrNum,TRUE,TRUE,UK,"{""id"": ""ukhl_a"", ""description"": ""Judicial Committee of the House of Lords"" ,""label"": ""CITATION"", ""pattern"": [{""ORTH"": ""(""}, {""SHAPE"": ""dddd""}, {""ORTH"": "")""}, {""ORTH"": ""UKHL""} , {""LIKE_NUM"": true}]}"
ukpc,UKPC,Judical Committee of the Privy Council,https://caselaw.nationalarchives.gov.uk/jcpc/year/d1,[dddd] UKPC d+,[2022] UKPC 123,[2022] UKPC 123,NCitYearAbbrNum,TRUE,TRUE,UK,"{""id"": ""ukpc"", ""description"": ""Judicial Committee of the Privy Council"" ,""label"": ""CITATION"", ""pattern"": [{""ORTH"": ""[""}, {""SHAPE"": ""dddd""}, {""ORTH"": ""]""}, {""ORTH"": ""UKPC""} , {""LIKE_NUM"": true}]}"
ukpc_a,UKPC,Judical Committee of the Privy Council,https://caselaw.nationalarchives.gov.uk/jcpc/year/d1,[dddd] UKPC d+,[2022] UKPC 123,(2022) UKPC 123,NCitYearAbbrNum,FALSE,TRUE,UK,"{""id"": ""ukpc_a"", ""description"": ""Judicial Committee of the Privy Council"" ,""label"": ""CITATION"", ""pattern"": [{""ORTH"": ""(""}, {""SHAPE"": ""dddd""}, {""ORTH"": "")""}, {""ORTH"": ""UKPC""} , {""LIKE_NUM"": true}]}"
uksc,UKSC,United Kingdom Supreme Court,https://caselaw.nationalarchives.gov.uk/uksc/year/d1,[dddd] UKSC d+,[2022] UKSC 123,[2022] UKSC 123,NCitYearAbbrNum,TRUE,TRUE,UK,"{""id"": ""uksc"", ""description"": ""United Kingdom Supreme Court"" ,""label"": ""CITATION"", ""pattern"": [{""ORTH"": ""[""}, {""SHAPE"": ""dddd""}, {""ORTH"": ""]""}, {""ORTH"": ""UKSC""} , {""LIKE_NUM"": true}]}"
uksc_a,UKSC,United Kingdom Supreme Court,https://caselaw.nationalarchives.gov.uk/uksc/year/d1,[dddd] UKSC d+,[2022] UKSC 123,(2022) UKSC 123,NCitYearAbbrNum,FALSE,TRUE,UK,"{""id"": ""uksc_a"", ""description"": ""United Kingdom Supreme Court"" ,""label"": ""CITATION"", ""pattern"": [{""ORTH"": ""(""}, {""SHAPE"": ""dddd""}, {""ORTH"": "")""}, {""ORTH"": ""UKSC""} , {""LIKE_NUM"": true}]}"
ut_aac,UKUT-AAC,Upper Tribunal (Administrative Appeals Chamber),https://caselaw.nationalarchives.gov.uk/ukut/aac/year/d1,[dddd] UKUT d+ (AAC),[2022] UKUT 123 (AAC),[2022] UKUT 123 (AAC),NCitYearAbbrNumDiv,TRUE,TRUE,UK,"{""id"": ""ut_aac"", ""description"": ""Upper Tribunal (Administrative Appeals Chamber)"" ,""label"": ""CITATION"", ""pattern"": [{""ORTH"": ""[""}, {""SHAPE"": ""dddd""}, {""ORTH"": ""]""}, {""ORTH"": ""UKUT""} , {""LIKE_NUM"": true}, {""ORTH"": ""(""}, {""ORTH"": ""AAC""}, {""ORTH"": "")""}]}"
ut_aac_a,UKUT-AAC,Upper Tribunal (Administrative Appeals Chamber),https://caselaw.nationalarchives.gov.uk/ukut/aac/year/d1,[dddd] UKUT d+ (AAC),[2022] UKUT 123 (AAC),(2022) UKUT 123 (AAC),NCitYearAbbrNumDiv,FALSE,TRUE,UK,"{""id"": ""ut_aac_a"", ""description"": ""Upper Tribunal (Administrative Appeals Chamber)"" ,""label"": ""CITATION"", ""pattern"": [{""ORTH"": ""(""}, {""SHAPE"": ""dddd""}, {""ORTH"": "")""}, {""ORTH"": ""UKUT""} , {""LIKE_NUM"": true}, {""ORTH"": ""(""}, {""ORTH"": ""AAC""}, {""ORTH"": "")""}]}"
ut_iac,UKUT-IAC,Upper Tribunal (Immigration and Asylum Chamber),https://caselaw.nationalarchives.gov.uk/ukut/iac/year/d1,[dddd] UKUT d+ (IAC),[2022] UKUT 123 (IAC),[2022] UKUT 123 (IAC),NCitYearAbbrNumDiv,TRUE,TRUE,UK,"{""id"": ""ut_iac"", ""description"": ""Upper Tribunal (Immigration and Asylum Chamber)"" ,""label"": ""CITATION"", ""pattern"": [{""ORTH"": ""[""}, {""SHAPE"": ""dddd""}, {""ORTH"": ""]""}, {""ORTH"": ""UKUT""} , {""LIKE_NUM"": true}, {""ORTH"": ""(""}, {""ORTH"": ""IAC""}, {""ORTH"": "")""}]}"
ut_iac_a,UKUT-IAC,Upper Tribunal (Immigration and Asylum Chamber),https://caselaw.nationalarchives.gov.uk/ukut/iac/year/d1,[dddd] UKUT d+ (IAC),[2022] UKUT 123 (IAC),(2022) UKUT 123 (IAC),NCitYearAbbrNumDiv,FALSE,TRUE,UK,"{""id"": ""ut_iac_a"", ""description"": ""Upper Tribunal (Immigration and Asylum Chamber)"" ,""label"": ""CITATION"", ""pattern"": [{""ORTH"": ""(""}, {""SHAPE"": ""dddd""}, {""ORTH"": "")""}, {""ORTH"": ""UKUT""} , {""LIKE_NUM"": true}, {""ORTH"": ""(""}, {""ORTH"": ""IAC""}, {""ORTH"": "")""}]}"
ut_lc,UKUT-LC,Upper Tribunal (Lands Chamber),https://caselaw.nationalarchives.gov.uk/ukut/lc/year/d1,[dddd] UKUT d+ (LC),[2022] UKUT 123 (LC),[2022] UKUT 123 (LC),NCitYearAbbrNumDiv,TRUE,TRUE,UK,"{""id"": ""ut_lc"", ""description"": ""Upper Tribunal (Immigration and Asylum Chamber)"" ,""label"": ""CITATION"", ""pattern"": [{""ORTH"": ""[""}, {""SHAPE"": ""dddd""}, {""ORTH"": ""]""}, {""ORTH"": ""UKUT""} , {""LIKE_NUM"": true}, {""ORTH"": ""(""}, {""ORTH"": ""LC""}, {""ORTH"": "")""}]}"
ut_lc_a,UKUT-LC,Upper Tribunal (Lands Chamber),https://caselaw.nationalarchives.gov.uk/ukut/lc/year/d1,[dddd] UKUT d+ (LC),[2022] UKUT 123 (LC),(2022) UKUT 123 (LC),NCitYearAbbrNumDiv,FALSE,TRUE,UK,"{""id"": ""ut_lc_a"", ""description"": ""Upper Tribunal (Immigration and Asylum Chamber)"" ,""label"": ""CITATION"", ""pattern"": [{""ORTH"": ""(""}, {""SHAPE"": ""dddd""}, {""ORTH"": "")""}, {""ORTH"": ""UKUT""} , {""LIKE_NUM"": true}, {""ORTH"": ""(""}, {""ORTH"": ""LC""}, {""ORTH"": "")""}]}"
ut_tcc,UKUT-TCC,Upper Tribunal (Tax and Chancery Chamber),https://caselaw.nationalarchives.gov.uk/ukut/tcc/year/d1,[dddd] UKUT d+ (TCC),[2022] UKUT 123 (TCC),[2022] UKUT 123 (TCC),NCitYearAbbrNumDiv,TRUE,TRUE,UK,"{""id"": ""ut_tcc"", ""description"": ""Upper Tribunal (Tax and Chancery Chamber)"" ,""label"": ""CITATION"", ""pattern"": [{""ORTH"": ""[""}, {""SHAPE"": ""dddd""}, {""ORTH"": ""]""}, {""ORTH"": ""UKUT""} , {""LIKE_NUM"": true}, {""ORTH"": ""(""}, {""ORTH"": ""TCC""}, {""ORTH"": "")""}]}"
ut_tcc_a,UKUT-TCC,Upper Tribunal (Tax and Chancery Chamber),https://caselaw.nationalarchives.gov.uk/ukut/tcc/year/d1,[dddd] UKUT d+ (TCC),[2022] UKUT 123 (TCC),(2022) UKUT 123 (TCC),NCitYearAbbrNumDiv,FALSE,TRUE,UK,"{""id"": ""ut_tcc_a"", ""description"": ""Upper Tribunal (Tax and Chancery Chamber)"" ,""label"": ""CITATION"", ""pattern"": [{""ORTH"": ""(""}, {""SHAPE"": ""dddd""}, {""ORTH"": "")""}, {""ORTH"": ""UKUT""} , {""LIKE_NUM"": true}, {""ORTH"": ""(""}, {""ORTH"": ""TCC""}, {""ORTH"": "")""}]}"
pnlr,PNLR,Professional Negligence and Liability Reports,,[dddd] PNLR d+,[2022] PNLR 123,[2022] PNLR 123,PubYearAbbrNum,TRUE,FALSE,EW,"{""id"": ""pnlr"", ""description"": ""Professional Negligence and Liability Reports"", ""label"": ""CITATION"", ""pattern"": [{""ORTH"": ""[""}, {""SHAPE"": ""dddd""}, {""ORTH"": ""]""},{""ORTH"": ""PNLR""},{""LIKE_NUM"": true}]}"
pnlr_a,PNLR,Professional Negligence and Liability Reports,,[dddd] PNLR d+,[2022] PNLR 123,[2022] P.N.L.R 123,PubYearAbbrNum,FALSE,FALSE,EW,"{""id"": ""pnlr_a"", ""description"": ""Professional Negligence and Liability Reports"", ""label"": ""CITATION"", ""pattern"": [{""ORTH"": ""[""}, {""SHAPE"": ""dddd""}, {""ORTH"": ""]""},{""ORTH"": ""P.N.L.R""},{""LIKE_NUM"": true}]}"
ptsr,PTSR,The Public & Third Sector Reports (ICLR),,[dddd] PTSR d+,[2022] PTSR 123,[2022] PTSR 123,PubYearAbbrNum,TRUE,FALSE,EW,"{""id"": ""ptsr"", ""description"": ""Public & Third Sector Reports (ICLR)"", ""label"": ""CITATION"", ""pattern"": [{""ORTH"": ""[""}, {""SHAPE"": ""dddd""}, {""ORTH"": ""]""}, {""ORTH"": ""PTSR""},{""LIKE_NUM"": true}]}"
rpc,RPC,Reports of Patents Cases,,[dddd] RPC d+,[2022] RPC 123,[2022] RPC 123,PubYearAbbrNum,TRUE,FALSE,EW,"{""id"": ""rpc"", ""description"": ""Reports of Patents Cases"", ""label"": ""CITATION"", ""pattern"": [{""ORTH"": ""[""}, {""SHAPE"": ""dddd""}, {""ORTH"": ""]""},{""ORTH"": ""RPC""},{""LIKE_NUM"": true}]}"
rpc_a,RPC,Reports of Patents Cases,,[dddd] RPC d+,[2022] RPC 123,[2022] R.P.C. 123,PubYearAbbrNum,FALSE,FALSE,EW,"{""id"": ""rpc_a"", ""description"": ""Reports of Patents Cases"", ""label"": ""CITATION"", ""pattern"": [{""ORTH"": ""[""}, {""SHAPE"": ""dddd""}, {""ORTH"": ""]""},{""ORTH"": ""R.P.C.""},{""LIKE_NUM"": true}]}"
stc,STC,Simon's Tax Cases,,[dddd] STC d+,[2022] STC 123,[2022] STC 123,PubYearAbbrNum,TRUE,FALSE,EW,"{""id"": ""stc"", ""description"": ""Simon's Tax Cases"", ""label"": ""CITATION"", ""pattern"": [{""ORTH"": ""[""}, {""SHAPE"": ""dddd""}, {""ORTH"": ""]""},{""ORTH"": ""STC""},{""LIKE_NUM"": true}]}"
taxcases,Tax Cases,Tax Cases,,d1 TC d2,1 TC 123,1 TC 123,PubNumAbbrNum,TRUE,FALSE,EW,"{""id"": ""taxcases"", ""description"": ""Appeal Cases (1875-1890) (ICLR)"", ""label"": ""CITATION"", ""pattern"": [{""LIKE_NUM"": true},{""ORTH"": ""TC""}, {""LIKE_NUM"": true}]}"
lrae_first_ed,The Law Reports (Admiralty and Ecclesiastical),Admiralty and Ecclesiastical (1865-1875) (ICLR),,LR d1 AE d2,LR 1 AE 123,LR 1 AE 123,PubAbbrNumAbbrNum,TRUE,FALSE,EW,"{""id"": ""lrae_first_ed"", ""description"": ""Admiralty and Ecclesiastical (1865-1875) (ICLR)"", ""label"": ""CITATION"", ""pattern"": [{""ORTH"": ""LR""}, {""LIKE_NUM"": true},{""ORTH"": ""AE""}, {""LIKE_NUM"": true}]}"
lrae_first_ed_a,The Law Reports (Admiralty and Ecclesiastical),Admiralty and Ecclesiastical (1865-1875) (ICLR),,LR d1 AE d2,LR 1 AE 123,LR 1 A&E 123,PubAbbrNumAbbrNum,FALSE,FALSE,EW,"{""id"": ""lrae_first_ed_a"", ""description"": ""Admiralty and Ecclesiastical (1865-1875) (ICLR)"", ""label"": ""CITATION"", ""pattern"": [{""ORTH"": ""LR""}, {""LIKE_NUM"": true},{""ORTH"": ""A&E""}, {""LIKE_NUM"": true}]}"
lrac_single,The Law Reports (Appeal Cases),Appeal Cases (1890-Present) (Single-Volume) (ICLR),,[dddd] AC d+,[2022] AC 123,[2022] AC 123,PubYearAbbrNum,TRUE,FALSE,EW,"{""id"": ""lrac_single"", ""description"": ""Appeal Cases (1890-Present) (Single-Volume) (ICLR)"", ""label"": ""CITATION"", ""pattern"": [{""ORTH"": ""[""}, {""SHAPE"": ""dddd""}, {""ORTH"": ""]""}, {""ORTH"": ""AC""},{""LIKE_NUM"": true}]}"
lrac_single_a,The Law Reports (Appeal Cases),Appeal Cases (1890-Present) (Single-Volume) (ICLR),,[dddd] AC d+,[2022] AC 123,[2022] A.C. 123,PubYearAbbrNum,FALSE,FALSE,EW,"{""id"": ""lrac_single_a"", ""description"": ""Appeal Cases (1890-Present) (Single-Volume) (ICLR)"", ""label"": ""CITATION"", ""pattern"": [{""ORTH"": ""[""}, {""SHAPE"": ""dddd""}, {""ORTH"": ""]""}, {""ORTH"": ""A.C.""},{""LIKE_NUM"": true}]}"
lrac_single_b,The Law Reports (Appeal Cases),Appeal Cases (1890-Present) (Single-Volume) (ICLR),,[dddd] AC d+,[2022] AC 123,(2022) A.C. 123,PubYearAbbrNum,FALSE,FALSE,EW,"{""id"": ""lrac_single_b"", ""description"": ""Appeal Cases (1890-Present) (Single-Volume) (ICLR)"", ""label"": ""CITATION"", ""pattern"": [{""ORTH"": ""(""}, {""SHAPE"": ""dddd""}, {""ORTH"": "")""}, {""ORTH"": ""A.C.""},{""LIKE_NUM"": true}]}"
lrac_single_c,The Law Reports (Appeal Cases),Appeal Cases (1890-Present) (Single-Volume) (ICLR),,[dddd] AC d+,[2022] AC 123,(2022)) AC 123,PubYearAbbrNum,FALSE,FALSE,EW,"{""id"": ""lrac_single_c"", ""description"": ""Appeal Cases (1890-Present) (Single-Volume) (ICLR)"", ""label"": ""CITATION"", ""pattern"": [{""ORTH"": ""(""}, {""SHAPE"": ""dddd""}, {""ORTH"": "")""}, {""ORTH"": "")""},{""ORTH"": ""AC""},{""LIKE_NUM"": true}]}"
lrac_single_d,The Law Reports (Appeal Cases),Appeal Cases (1890-Present) (Single-Volume) (ICLR),,[dddd] AC d+,[2022] AC 123,2022] AC 123,PubYearAbbrNum,TRUE,FALSE,EW,"{""id"": ""lrac_single_d"", ""description"": ""Appeal Cases (1890-Present) (Single-Volume) (ICLR)"", ""label"": ""CITATION"", ""pattern"": [{""SHAPE"": ""dddd""}, {""ORTH"": ""]""}, {""ORTH"": ""AC""},{""LIKE_NUM"": true}]}"
lrac_single_e,The Law Reports (Appeal Cases),Appeal Cases (1890-Present) (Single-Volume) (ICLR),,[dddd] AC d+,[2022] AC 123,(2022) AC 123,PubYearAbbrNum,TRUE,FALSE,EW,"{""id"": ""lrac_single_e"", ""description"": ""Appeal Cases (1890-Present) (Single-Volume) (ICLR)"", ""label"": ""CITATION"", ""pattern"": [{""ORTH"": ""(""}, {""SHAPE"": ""dddd""}, {""ORTH"": "")""}, {""ORTH"": ""AC""},{""LIKE_NUM"": true}]}"
lrac_multi,The Law Reports (Appeal Cases),Appeal Cases (1890-Present) (Multi-Volume) (ICLR),,[dddd] d1 AC d2,[2022] 1 AC 123,[2022] 1 AC 123,PubYearNumAbbrNum,TRUE,FALSE,EW,"{""id"": ""lrac_multi"", ""description"": ""Appeal Cases (1890-Present) (Multi-Volume) (ICLR)"", ""label"": ""CITATION"", ""pattern"": [{""ORTH"": ""[""}, {""SHAPE"": ""dddd""}, {""ORTH"": ""]""}, {""LIKE_NUM"": true},{""ORTH"": ""AC""},{""LIKE_NUM"": true}]}"
lrac_multi_a,The Law Reports (Appeal Cases),Appeal Cases (1890-Present) (Multi-Volume) (ICLR),,[dddd] d1 AC d2,[2022] 1 AC 123,[2022] 1 A.C. 123,PubYearNumAbbrNum,FALSE,FALSE,EW,"{""id"": ""lrac_multi_a"", ""description"": ""Appeal Cases (1890-Present) (Multi-Volume) (ICLR)"", ""label"": ""CITATION"", ""pattern"": [{""ORTH"": ""[""}, {""SHAPE"": ""dddd""}, {""ORTH"": ""]""}, {""LIKE_NUM"": true},{""ORTH"": ""A.C.""},{""LIKE_NUM"": true}]}"
lrac_second_ed,The Law Reports (Appeal Cases),Appeal Cases (1875-1890) (ICLR),,d1 App Cas d2,1 App Cas 123,1 App Cas 123,PubNumAbbrNum,TRUE,FALSE,EW,"{""id"": ""lrac_second_ed"", ""description"": ""Appeal Cases (1875-1890) (ICLR)"", ""label"": ""CITATION"", ""pattern"": [{""LIKE_NUM"": true},{""ORTH"": ""App""}, {""ORTH"": ""Cas""}, {""LIKE_NUM"": true}]}"
lrch_first_ed,The Law Reports (Chancery Appeals),Chancery Appeals (1865-1875) (ICLR),,LR d1 Ch App d2,LR 1 Ch App 123,LR 1 Ch App 123,PubAbbrNumAbbrNum,TRUE,FALSE,EW,"{""id"": ""lrch_first_ed"", ""description"": ""Chancery Appeals (1865-1875) (ICLR)"", ""label"": ""CITATION"", ""pattern"": [{""ORTH"": ""LR""}, {""LIKE_NUM"": true},{""ORTH"": ""Ch""}, {""ORTH"": ""App""}, {""LIKE_NUM"": true}]}"
lrch_second_ed,The Law Reports (Chancery Division),Chancery Division (1875-1890) (ICLR),,d1 ChD d2,1 ChD 123,1 ChD 123,PubNumAbbrNum,TRUE,FALSE,EW,"{""id"": ""lrch_second_ed"", ""description"": ""Chancery Division (1875-1890) (ICLR)"", ""label"": ""CITATION"", ""pattern"": [{""LIKE_NUM"": true},{""ORTH"": ""ChD""}, {""LIKE_NUM"": true}]}"
lrch_second_ed_a,The Law Reports (Chancery Division),Chancery Division (1875-1890) (ICLR),,d1 ChD d2,1 ChD 123,1 Ch D 123,PubNumAbbrNum,TRUE,FALSE,EW,"{""id"": ""lrch_second_ed_a"", ""description"": ""Chancery Division (1875-1890) (ICLR)"", ""label"": ""CITATION"", ""pattern"": [{""LIKE_NUM"": true},{""ORTH"": ""Ch""}, {""ORTH"": ""D""}, {""LIKE_NUM"": true}]}"
lrch_single,The Law Reports (Chancery Division),Chancery Division (1890-Present) (Single-Volume) (ICLR),,[dddd] Ch d+,[2022] Ch 123,[2022] Ch 123,PubYearAbbrNum,TRUE,FALSE,EW,"{""id"": ""lrch_single"", ""description"": ""Chancery Division (1890-Present) (Single-Volume) (ICLR)"", ""label"": ""CITATION"", ""pattern"": [{""ORTH"": ""[""}, {""SHAPE"": ""dddd""}, {""ORTH"": ""]""}, {""ORTH"": ""Ch""},{""LIKE_NUM"": true}]}"
lrch_single_a,The Law Reports (Chancery Division),Chancery Division (1890-Present) (Single-Volume) (ICLR),,[dddd] Ch d+,[2022] Ch 123,(2022) Ch 123,PubYearAbbrNum,TRUE,FALSE,EW,"{""id"": ""lrch_single_a"", ""description"": ""Chancery Division (1890-Present) (Single-Volume) (ICLR)"", ""label"": ""CITATION"", ""pattern"": [{""ORTH"": ""(""}, {""SHAPE"": ""dddd""}, {""ORTH"": "")""}, {""ORTH"": ""Ch""},{""LIKE_NUM"": true}]}"
lrch_single_b,The Law Reports (Chancery Division),Chancery Division (1890-Present) (Single-Volume) (ICLR),,[dddd] Ch d+,[2022] Ch 123,[2022] Ch. 123,PubYearAbbrNum,TRUE,FALSE,EW,"{""id"": ""lrch_single_b"", ""description"": ""Chancery Division (1890-Present) (Single-Volume) (ICLR)"", ""label"": ""CITATION"", ""pattern"": [{""ORTH"": ""[""}, {""SHAPE"": ""dddd""}, {""ORTH"": ""]""}, {""ORTH"": ""Ch""},{""ORTH"": "".""},{""LIKE_NUM"": true}]}"
lrch_single_c,The Law Reports (Chancery Division),Chancery Division (1890-Present) (Single-Volume) (ICLR),,[dddd] Ch d+,[2022] Ch 123,[2022] (Ch) 123,PubYearAbbrNum,TRUE,FALSE,EW,"{""id"": ""lrch_single_c"", ""description"": ""Chancery Division (1890-Present) (Single-Volume) (ICLR)"", ""label"": ""CITATION"", ""pattern"": [{""ORTH"": ""[""}, {""SHAPE"": ""dddd""}, {""ORTH"": ""]""}, {""ORTH"": ""(""}, {""ORTH"": ""Ch""}, {""ORTH"": "")""},{""LIKE_NUM"": true}]}"
lrch_multi,The Law Reports (Chancery Division),Chancery Division (1890-Present) (Multi-Volume) (ICLR),,[dddd] d1 Ch d2,[2022] 1 Ch 123,[2022] 1 Ch 123,PubYearNumAbbrNum,TRUE,FALSE,EW,"{""id"": ""lrch_multi"", ""description"": ""Chancery Division (1890-Present) (Multi-Volume) (ICLR)"", ""label"": ""CITATION"", ""pattern"": [{""ORTH"": ""[""}, {""SHAPE"": ""dddd""}, {""ORTH"": ""]""}, {""LIKE_NUM"": true}, {""ORTH"": ""Ch""}, {""LIKE_NUM"": true}]}"
lrch_multi_a,The Law Reports (Chancery Division),Chancery Division (1890-Present) (Multi-Volume) (ICLR),,[dddd] d1 Ch d2,[2022] 1 Ch 123,(2022) 1 Ch 123,PubYearNumAbbrNum,TRUE,FALSE,EW,"{""id"": ""lrch_multi_a"", ""description"": ""Chancery Division (1890-Present) (Multi-Volume) (ICLR)"", ""label"": ""CITATION"", ""pattern"": [{""ORTH"": ""(""}, {""SHAPE"": ""dddd""}, {""ORTH"": "")""}, {""LIKE_NUM"": true}, {""ORTH"": ""Ch""}, {""LIKE_NUM"": true}]}"
lrch_multi_b,The Law Reports (Chancery Division),Chancery Division (1890-Present) (Multi-Volume) (ICLR),,[dddd] d1 Ch d2,[2022] 1 Ch 123,(2022) 1 Ch. 123,PubYearNumAbbrNum,TRUE,FALSE,EW,"{""id"": ""lrch_multi_b"", ""description"": ""Chancery Division (1890-Present) (Multi-Volume) (ICLR)"", ""label"": ""CITATION"", ""pattern"": [{""ORTH"": ""(""}, {""SHAPE"": ""dddd""}, {""ORTH"": "")""}, {""LIKE_NUM"": true}, {""ORTH"": ""Ch""}, {""ORTH"": "".""}, {""LIKE_NUM"": true}]}"
lrch_multi_c,The Law Reports (Chancery Division),Chancery Division (1890-Present) (Multi-Volume) (ICLR),,[dddd] d1 Ch d2,[2022] 1 Ch 123,(2022) 1 CH 123,PubYearNumAbbrNum,TRUE,FALSE,EW,"{""id"": ""lrch_multi_c"", ""description"": ""Chancery Division (1890-Present) (Multi-Volume) (ICLR)"", ""label"": ""CITATION"", ""pattern"": [{""ORTH"": ""(""}, {""SHAPE"": ""dddd""}, {""ORTH"": "")""}, {""LIKE_NUM"": true}, {""ORTH"": ""CH""}, {""LIKE_NUM"": true}]}"
lrch_multi_d,The Law Reports (Chancery Division),Chancery Division (1890-Present) (Multi-Volume) (ICLR),,[dddd] d1 Ch d2,[2022] 1 Ch 123,[2022] 1 Ch. 123,PubYearNumAbbrNum,TRUE,FALSE,EW,"{""id"": ""lrch_multi_d"", ""description"": ""Chancery Division (1890-Present) (Multi-Volume) (ICLR)"", ""label"": ""CITATION"", ""pattern"": [{""ORTH"": ""[""}, {""SHAPE"": ""dddd""}, {""ORTH"": ""]""}, {""LIKE_NUM"": true}, {""ORTH"": ""Ch""}, {""ORTH"": "".""},{""LIKE_NUM"": true}]}"
lrcpd,The Law Reports (Common Pleas Division),The Law Reports (Common Pleas Division) (1875-1880) (ICLR),,d1 CPD d2,1 CPD 123,1 CPD 123,PubNumAbbrNum,TRUE,FALSE,EW,"{""id"": ""lrcpd"", ""description"": ""The Law Reports (Common Pleas Division) (1875-1880) (ICLR)"", ""label"": ""CITATION"", ""pattern"": [{""LIKE_NUM"": true},{""ORTH"": ""CPD""},{""LIKE_NUM"": true}]}"
lrcp,The Law Reports (Common Pleas),The Law Reports (Common Pleas) (1865-1875) (ICLR),,LR d1 CP d2,LR 1 CP 123,LR 1 CP 123,PubAbbrNumAbbrNum,TRUE,FALSE,EW,"{""id"": ""lrcp"", ""description"": ""The Law Reports (Common Pleas) (1865-1875) (ICLR)"", ""label"": ""CITATION"", ""pattern"": [{""ORTH"": ""LR""}, {""LIKE_NUM"": true},{""ORTH"": ""CP""}, {""LIKE_NUM"": true}]}"
lrcc,The Law Reports (Crown Cases Reserved),The Law Reports (Crown Cases Reserved) (1865-1875) (ICLR),,LR d1 CCR d2,LR 1 CCR 123,LR 1 CCR 123,PubAbbrNumAbbrNum,TRUE,FALSE,EW,"{""id"": ""lrcc"", ""description"": ""The Law Reports (Crown Cases Reserved) (1765-1875) (ICLR)"", ""label"": ""CITATION"", ""pattern"": [{""ORTH"": ""LR""}, {""LIKE_NUM"": true},{""ORTH"": ""CCR""},{""LIKE_NUM"": true}]}"
lreq,The Law Reports (Equity Cases),The Law Reports (Equity Cases) (1865-1875) (ICLR),,LR d1 Eq d2,LR 1 Eq 123,LR 1 Eq 123,PubAbbrNumAbbrNum,TRUE,FALSE,EW,"{""id"": ""lreq"", ""description"": ""The Law Reports (Equity Cases) (1865-1875) (ICLR)"", ""label"": ""CITATION"", ""pattern"": [{""ORTH"": ""LR""}, {""LIKE_NUM"": true},{""ORTH"": ""Eq""},{""LIKE_NUM"": true}]}"
lrex,The Law Reports (Exchequer Cases),The Law Reports (Exchequer Cases) (1865-1875) (ICLR),,LR d1 Exch d2,LR 1 Exch 123,LR 1 Exch 123,PubAbbrNumAbbrNum,TRUE,FALSE,EW,"{""id"": ""lrex"", ""description"": ""The Law Reports (Exchequer Cases) (1865-1875) (ICLR)"", ""label"": ""CITATION"", ""pattern"": [{""ORTH"": ""LR""}, {""LIKE_NUM"": true},{""ORTH"": ""Exch""},{""LIKE_NUM"": true}]}"
lrexd,The Law Reports (Exchequer Division),The Law Reports (Exchequer Division) (1875-1880) (ICLR),,d1 ExD d2,1 ExD 123,1 ExD 123,PubNumAbbrNum,TRUE,FALSE,EW,"{""id"": ""lrexd"", ""description"": ""The Law Reports (Exchequer Cases) (1865-1875) (ICLR)"", ""label"": ""CITATION"", ""pattern"": [{""LIKE_NUM"": true},{""ORTH"": ""ExD""},{""LIKE_NUM"": true}]}"
lrfam_single,The Law Reports (Family Division),Family Division (1972-Present) (Single-Volume) (ICLR),,[dddd] Fam d+,[2022] Fam 123,[2022] Fam 123,PubYearAbbrNum,TRUE,FALSE,EW,"{""id"": ""lrfam_single"", ""description"": ""Family Division (1972-Present) (Single-Volume) (ICLR)"", ""label"": ""CITATION"", ""pattern"": [{""ORTH"": ""[""}, {""SHAPE"": ""dddd""}, {""ORTH"": ""]""}, {""ORTH"": ""Fam""},{""LIKE_NUM"": true}]}"
lrfam_single_a,The Law Reports (Family Division),Family Division (1972-Present) (Single-Volume) (ICLR),,[dddd] Fam d+,[2022] Fam 123,[2022] Fam. 123,PubYearAbbrNum,TRUE,FALSE,EW,"{""id"": ""lrfam_single_a"", ""description"": ""Family Division (1972-Present) (Single-Volume) (ICLR)"", ""label"": ""CITATION"", ""pattern"": [{""ORTH"": ""[""}, {""SHAPE"": ""dddd""}, {""ORTH"": ""]""}, {""ORTH"": ""Fam""}, {""ORTH"": "".""},{""LIKE_NUM"": true}]}"
lrfam_multi,The Law Reports (Family Division),Family Division (1972-Present) (Multi-Volume) (ICLR),,[dddd] d1 Fam d2,[2022] 1 Fam 123,[2022] 1 Fam 123,PubYearNumAbbrNum,TRUE,FALSE,EW,"{""id"": ""lrfam_multi"", ""description"": ""Family Division (1972-Present) (Multi-Volume) (ICLR)"", ""label"": ""CITATION"", ""pattern"": [{""ORTH"": ""[""}, {""SHAPE"": ""dddd""}, {""ORTH"": ""]""}, {""LIKE_NUM"": true},{""ORTH"": ""Fam""},{""LIKE_NUM"": true}]}"
lrkb_single,The Law Reports (King's Bench Division),King's Bench Division (1901-1952) (Single-Volume) (ICLR),,[dddd] KB d+,[2022] KB 123,[2022] KB 123,PubYearAbbrNum,TRUE,FALSE,EW,"{""id"": ""lrkb_single"", ""description"": ""King's Bench Division (1901-1952) (Single-Volume) (ICLR)"", ""label"": ""CITATION"", ""pattern"": [{""ORTH"": ""[""}, {""SHAPE"": ""dddd""}, {""ORTH"": ""]""}, {""ORTH"": ""KB""},{""LIKE_NUM"": true}]}"
lrkb_single_a,The Law Reports (King's Bench Division),King's Bench Division (1901-1952) (Single-Volume) (ICLR),,[dddd] KB d+,[2022] KB 123,[2022] K.B. 123,PubYearAbbrNum,FALSE,FALSE,EW,"{""id"": ""lrkb_single_a"", ""description"": ""King's Bench Division (1901-1952) (Single-Volume) (ICLR)"", ""label"": ""CITATION"", ""pattern"": [{""ORTH"": ""[""}, {""SHAPE"": ""dddd""}, {""ORTH"": ""]""}, {""ORTH"": ""K.B.""},{""LIKE_NUM"": true}]}"
lrkb_multi,The Law Reports (King's Bench Division),King's Bench Division (1901-1952) (Multi-Volume) (ICLR),,[dddd] d1 KB d2,[2022] 1 KB 123,[2022] 1 KB 123,PubYearNumAbbrNum,TRUE,FALSE,EW,"{""id"": ""lrkb_multi"", ""description"": ""King's Bench Division (1901-1952) (Multi-Volume) (ICLR)"", ""label"": ""CITATION"", ""pattern"": [{""ORTH"": ""[""}, {""SHAPE"": ""dddd""}, {""ORTH"": ""]""}, {""LIKE_NUM"": true}, {""ORTH"": ""KB""},{""LIKE_NUM"": true}]}"
lrkb_multi_a,The Law Reports (King's Bench Division),King's Bench Division (1901-1952) (Multi-Volume) (ICLR),,[dddd] d1 KB d2,[2022] 1 KB 123,[2022] 1 K.B. 123,PubYearNumAbbrNum,FALSE,FALSE,EW,"{""id"": ""lrkb_multi_a"", ""description"": ""King's Bench Division (1901-1952) (Multi-Volume) (ICLR)"", ""label"": ""CITATION"", ""pattern"": [{""ORTH"": ""[""}, {""SHAPE"": ""dddd""}, {""ORTH"": ""]""}, {""LIKE_NUM"": true}, {""ORTH"": ""K.B.""},{""LIKE_NUM"": true}]}"
lrpc,The Law Reports (Privy Council Appeals),The Law Reports (Privy Council Appeals) (1865-1875) (ICLR),,LR d1 PC d2,LR 1 PC 123,LR 1 PC 123,PubAbbrNumAbbrNum,TRUE,FALSE,EW,"{""id"": ""lrpc"", ""description"": ""The Law Reports (Privy Council Appeals) (1865-1875) (ICLR)"", ""label"": ""CITATION"", ""pattern"": [{""ORTH"": ""LR""}, {""LIKE_NUM"": true},{""ORTH"": ""PC""},{""LIKE_NUM"": true}]}"
lrpd_first_ed,The Law Reports (Probate and Divorce Cases),The Law Reports (Probate and Divorce Cases) (1865-1875) (ICLR),,LR d1 PD d2,LR 1 PD 123,LR 1 PD 123,PubAbbrNumAbbrNum,TRUE,FALSE,EW,"{""id"": ""lrpd_first_ed"", ""description"": ""The Law Reports (Probate and Divorce Cases) (1865-1875) (ICLR)"", ""label"": ""CITATION"", ""pattern"": [{""ORTH"": ""LR""}, {""LIKE_NUM"": true},{""ORTH"": ""PD""},{""LIKE_NUM"": true}]}"
lrpd_second_ed,The Law Reports (Probate Divorce and Admiralty Division),The Law Reports (Probate Divorce and Admiralty Division) (1875-1890) (ICLR),,d1 PD d2,1 PD 123,1 PD 123,PubNumAbbrNum,TRUE,FALSE,EW,"{""id"": ""lrpd_second_ed"", ""description"": ""The Law Reports (Probate Divorce and Admiralty Division) (1875-1890) (ICLR)"", ""label"": ""CITATION"", ""pattern"": [{""LIKE_NUM"": true},{""ORTH"": ""PD""}, {""LIKE_NUM"": true}]}"
lrpd_third_ed,The Law Reports (Probate Divorce and Admiralty Division),The Law Reports (Probate Divorce and Admiralty Division) (1891-1971) (ICLR),,[dddd] P d+,[1971] P 123,[1971] P 123,PubYearAbbrNum,TRUE,FALSE,EW,"{""id"": ""lrpd_third_ed"", ""description"": ""The Law Reports (Probate Divorce and Admiralty Division) (1891-1971) (ICLR)"", ""label"": ""CITATION"", ""pattern"": [{""ORTH"": ""[""}, {""SHAPE"": ""dddd""}, {""ORTH"": ""]""}, {""ORTH"": ""P""},{""LIKE_NUM"": true}]}"
lrqb_first_ed,The Law Reports (Queen's Bench Cases),The Law Reports (Queen's Bench Cases) (1865-1875) (ICLR),,LR d1 QB d2,LR 1 QB 123,LR 1 QB 123,PubAbbrNumAbbrNum,TRUE,FALSE,EW,"{""id"": ""lrqb_first_ed"", ""description"": ""The Law Reports (Queen's Bench Cases) (1865-1875) (ICLR)"", ""label"": ""CITATION"", ""pattern"": [{""ORTH"": ""LR""}, {""LIKE_NUM"": true},{""ORTH"": ""QB""},{""LIKE_NUM"": true}]}"
lrqb_second_ed,The Law Reports (Queen's Bench Division),The Law Reports (Queen's Bench Division) (1875-1890) (ICLR),,d1 QBD d2,1 QBD 123,1 QBD 123,PubNumAbbrNum,TRUE,FALSE,EW,"{""id"": ""lrqb_second_ed"", ""description"": ""The Law Reports (Queen's Bench Division) (1875-1890) (ICLR)"", ""label"": ""CITATION"", ""pattern"": [{""LIKE_NUM"": true},{""ORTH"": ""QBD""}, {""LIKE_NUM"": true}]}"
lrqb_single,The Law Reports (Queen's Bench Division),Queen's Bench Division (1891-1901; 1952-Present) (Single-Volume) (ICLR),,[dddd] QB d+,[2022] QB 123,[2022] QB 123,PubYearAbbrNum,TRUE,FALSE,EW,"{""id"": ""lrqb_single"", ""description"": ""Queen's Bench Division (1891-1901; 1952-Present) (Single-Volume) (ICLR)"", ""label"": ""CITATION"", ""pattern"": [{""ORTH"": ""[""}, {""SHAPE"": ""dddd""}, {""ORTH"": ""]""}, {""ORTH"": ""QB""},{""LIKE_NUM"": true}]}"
lrqb_single_a,The Law Reports (Queen's Bench Division),Queen's Bench Division (1891-1901; 1952-Present) (Single-Volume) (ICLR),,[dddd] QB d+,[2022] QB 123,[2022] Q.B. 123,PubYearAbbrNum,FALSE,FALSE,EW,"{""id"": ""lrqb_single_a"", ""description"": ""Queen's Bench Division (1891-1901; 1952-Present) (Single-Volume) (ICLR)"", ""label"": ""CITATION"", ""pattern"": [{""ORTH"": ""[""}, {""SHAPE"": ""dddd""}, {""ORTH"": ""]""}, {""ORTH"": ""Q.B.""},{""LIKE_NUM"": true}]}"
lrqb_single_b,The Law Reports (Queen's Bench Division),Queen's Bench Division (1891-1901; 1952-Present) (Single-Volume) (ICLR),,[dddd] QB d+,[2022] QB 123,[2022 QB 123,PubYearAbbrNum,FALSE,FALSE,EW,"{""id"": ""lrqb_single_b"", ""description"": ""Queen's Bench Division (1891-1901; 1952-Present) (Single-Volume) (ICLR)"", ""label"": ""CITATION"", ""pattern"": [{""ORTH"": ""[""}, {""SHAPE"": ""dddd""}, {""ORTH"": ""QB""},{""LIKE_NUM"": true}]}"
lrqb_multi,The Law Reports (Queen's Bench Division),Queen's Bench Division (1891-1901; 1952-Present) (Multi-Volume) (ICLR),,[dddd] d1 QB d2,[2022] 1 QB 123,[2022] 1 QB 123,PubYearNumAbbrNum,TRUE,FALSE,EW,"{""id"": ""lrqb_multi"", ""description"": ""Queen's Bench Division (1891-1901; 1952-Present) (Multi-Volume) (ICLR)"", ""label"": ""CITATION"", ""pattern"": [{""ORTH"": ""[""}, {""SHAPE"": ""dddd""}, {""ORTH"": ""]""}, {""LIKE_NUM"": true}, {""ORTH"": ""QB""},{""LIKE_NUM"": true}]}"
lrqb_multi_a,The Law Reports (Queen's Bench Division),Queen's Bench Division (1891-1901; 1952-Present) (Multi-Volume) (ICLR),,[dddd] d1 QB d2,[2022] 1 QB 123,[2022] 1 Q.B. 123,PubYearNumAbbrNum,FALSE,FALSE,EW,"{""id"": ""lrqb_multi_a"", ""description"": ""Queen's Bench Division (1891-1901; 1952-Present) (Multi-Volume) (ICLR)"", ""label"": ""CITATION"", ""pattern"": [{""ORTH"": ""[""}, {""SHAPE"": ""dddd""}, {""ORTH"": ""]""}, {""LIKE_NUM"": true}, {""ORTH"": ""Q.B.""},{""LIKE_NUM"": true}]}"
lrqb_multi_b,The Law Reports (Queen's Bench Division),Queen's Bench Division (1891-1901; 1952-Present) (Multi-Volume) (ICLR),,[dddd] d1 QB d2,[2022] 1 QB 123,(2022) 1 QB 123,PubYearNumAbbrNum,TRUE,FALSE,EW,"{""id"": ""lrqb_multi_b"", ""description"": ""Queen's Bench Division (1891-1901; 1952-Present) (Multi-Volume) (ICLR)"", ""label"": ""CITATION"", ""pattern"": [{""ORTH"": ""(""}, {""SHAPE"": ""dddd""}, {""ORTH"": "")""}, {""LIKE_NUM"": true}, {""ORTH"": ""QB""},{""LIKE_NUM"": true}]}"
lrsd,The Law Reports (Scotch and Divorce Appeals),The Law Reports (Scotch and Divorce Appeals) (1866-1875) (ICLR),,LR d1 ScDiv d2,LR 1 ScDiv 123,LR 1 ScDiv 123,PubAbbrNumAbbrNum,TRUE,FALSE,EW,"{""id"": ""lrsd"", ""description"": ""The Law Reports (Scotch and Divorce Appeals) (1866-1875) (ICLR)"", ""label"": ""CITATION"", ""pattern"": [{""ORTH"": ""LR""}, {""LIKE_NUM"": true},{""ORTH"": ""ScDiv""},{""LIKE_NUM"": true}]}"
wlr,WLR,The Weekly Law Reports (ICLR),,[dddd] d1 WLR d2,[2022] 1 WLR 123,[2022] 1 WLR 123,PubYearNumAbbrNum,TRUE,FALSE,EW,"{""id"": ""wlr"", ""description"": ""The Weekly Law Reports (ICLR)"", ""label"": ""CITATION"", ""pattern"": [{""ORTH"": ""[""}, {""SHAPE"": ""dddd""}, {""ORTH"": ""]""}, {""LIKE_NUM"": true}, {""ORTH"": ""WLR""},{""LIKE_NUM"": true}]}"
wlr_a,WLR,The Weekly Law Reports (ICLR),,[dddd] d1 WLR d2,[2022] 1 WLR 123,[2022] 1 W.L.R. 123,PubYearNumAbbrNum,FALSE,FALSE,EW,"{""id"": ""wlr_a"", ""description"": ""The Weekly Law Reports (ICLR)"", ""label"": ""CITATION"", ""pattern"": [{""ORTH"": ""[""}, {""SHAPE"": ""dddd""}, {""ORTH"": ""]""}, {""LIKE_NUM"": true}, {""ORTH"": ""W.L.R.""},{""LIKE_NUM"": true}]}"
wlr_b,WLR,The Weekly Law Reports (ICLR),,[dddd] d1 WLR d2,[2022] 1 WLR 123,(2022) 1 WLR 123,PubYearNumAbbrNum,FALSE,FALSE,EW,"{""id"": ""wlr_b"", ""description"": ""The Weekly Law Reports (ICLR)"", ""label"": ""CITATION"", ""pattern"": [{""ORTH"": ""(""}, {""SHAPE"": ""dddd""}, {""ORTH"": "")""}, {""LIKE_NUM"": true}, {""ORTH"": ""WLR""},{""LIKE_NUM"": true}]}"
wlr_c,WLR,The Weekly Law Reports (ICLR),,[dddd] d1 WLR d2,[2022] 1 WLR 123,[2022] 1 WLR. 123,PubYearNumAbbrNum,TRUE,FALSE,EW,"{""id"": ""wlr_c"", ""description"": ""The Weekly Law Reports (ICLR)"", ""label"": ""CITATION"", ""pattern"": [{""ORTH"": ""[""}, {""SHAPE"": ""dddd""}, {""ORTH"": ""]""}, {""LIKE_NUM"": true}, {""ORTH"": ""WLR""},{""ORTH"": "".""},{""LIKE_NUM"": true}]}"
wlr_d,WLR,The Weekly Law Reports (ICLR),,[dddd] d1 WLR d2,[2022] 1 WLR 123,2022 1 WLR 123,PubYearNumAbbrNum,TRUE,FALSE,EW,"{""id"": ""wlr_d"", ""description"": ""The Weekly Law Reports (ICLR)"", ""label"": ""CITATION"", ""pattern"": [{""SHAPE"": ""dddd""}, {""LIKE_NUM"": true}, {""ORTH"": ""WLR""},{""LIKE_NUM"": true}]}"
ewhc_scco,EWHC-SeniorCourtsCostsNew,High Court (Senior Court Costs Office) New,https://caselaw.nationalarchives.gov.uk/ewhc/scco/year/d1,[dddd] EWHC d+ (SCCO),[2022] EWHC 123 (SCCO),[2022] EWHC 123 (SCCO),NCitYearAbbrNumDiv,TRUE,TRUE,EW,"{""id"": ""ewhc_scco"", ""description"": ""High Court (Senior Court Costs Office) New"" ,""label"": ""CITATION"", ""pattern"": [{""ORTH"": ""[""}, {""SHAPE"": ""dddd""}, {""ORTH"": ""]""}, {""ORTH"": ""EWHC""} , {""LIKE_NUM"": true}, {""ORTH"": ""(""}, {""ORTH"": ""SCCO""}, {""ORTH"": "")""}]}"
ukait,UKAIT,"Asylum and Immigration Tribunal ",https://caselaw.nationalarchives.gov.uk/ukait/year/d1,[dddd] UKAIT d+,[2022] UKAIT 123,[2022] UKAIT 123,NCitYearAbbrNum,TRUE,TRUE,UK,"{""id"": ""ukait"", ""description"": ""Asylum and Immigration Tribunal"", ""label"": ""CITATION"", ""pattern"": [{""ORTH"": ""[""}, {""SHAPE"": ""dddd""}, {""ORTH"": ""]""}, {""ORTH"": ""UKAIT""}, {""LIKE_NUM"": true}]}"
