id,family,description,canonicalForm,canonicalExample,matchExample,citationType,isCanonical,isNeutral,jurisdiction,pattern
wlr,WLR,The Weekly Law Reports (ICLR),[dddd] d1 WLR d2,[2022] 1 WLR 123,[2022] 1 WLR 123,PubYearNumAbbrNum,True,False,EW,"{""id"": ""wlr"", ""description"": ""The Weekly Law Reports (ICLR)"", ""label"": ""CITATION"", ""pattern"": [{""ORTH"": ""[""}, {""SHAPE"": ""dddd""}, {""ORTH"": ""]""}, {""SHAPE"": ""d""}, {""ORTH"": ""WLR""},{""LIKE_NUM"": true}]}"
ut_tcc,UT (TCC),Upper Tribunal (Tax and Chancery Chamber),[dddd] UKUT d+ (TCC),[2022] UKUT 123 (TCC),[2022] UKUT 123 (TCC),NCitYearAbbrNumDiv,True,True,UK,"{""id"": ""ut_tcc"", ""description"": ""Upper Tribunal (Tax and Chancery Chamber)"" ,""label"": ""CITATION"", ""pattern"": [{""ORTH"": ""[""}, {""SHAPE"": ""dddd""}, {""ORTH"": ""]""}, {""ORTH"": ""UKUT""} , {""LIKE_NUM"": true}, {""ORTH"": ""(""}, {""ORTH"": ""TCC""}, {""ORTH"": "")""}]}"
ut_lc,UT (LC),Upper Tribunal (Lands Chamber),[dddd] UKUT d+ (LC),[2022] UKUT 123 (LC),[2022] UKUT 123 (LC),NCitYearAbbrNumDiv,True,True,UK,"{""id"": ""ut_lc"", ""description"": ""Upper Tribunal (Immigration and Asylum Chamber)"" ,""label"": ""CITATION"", ""pattern"": [{""ORTH"": ""[""}, {""SHAPE"": ""dddd""}, {""ORTH"": ""]""}, {""ORTH"": ""UKUT""} , {""LIKE_NUM"": true}, {""ORTH"": ""(""}, {""ORTH"": ""LC""}, {""ORTH"": "")""}]}"
ut_iac,UT (IAC),Upper Tribunal (Immigration and Asylum Chamber),[dddd] UKUT d+ (IAC),[2022] UKUT 123 (IAC),[2022] UKUT 123 (IAC),NCitYearAbbrNumDiv,True,True,UK,"{""id"": ""ut_iac"", ""description"": ""Upper Tribunal (Immigration and Asylum Chamber)"" ,""label"": ""CITATION"", ""pattern"": [{""ORTH"": ""[""}, {""SHAPE"": ""dddd""}, {""ORTH"": ""]""}, {""ORTH"": ""UKUT""} , {""LIKE_NUM"": true}, {""ORTH"": ""(""}, {""ORTH"": ""IAC""}, {""ORTH"": "")""}]}"
ut_aac,UT (AAC),Upper Tribunal (Administrative Appeals Chamber),[dddd] UKUT d+ (AAC),[2022] UKUT 123 (AAC),[2022] UKUT 123 (AAC),NCitYearAbbrNumDiv,True,True,UK,"{""id"": ""ut_aac"", ""description"": ""Upper Tribunal (Administrative Appeals Chamber)"" ,""label"": ""CITATION"", ""pattern"": [{""ORTH"": ""[""}, {""SHAPE"": ""dddd""}, {""ORTH"": ""]""}, {""ORTH"": ""UKUT""} , {""LIKE_NUM"": true}, {""ORTH"": ""(""}, {""ORTH"": ""AAC""}, {""ORTH"": "")""}]}"
uksc,UKSC,United Kingdom Supreme Court,[dddd] UKSC d+,[2022] UKSC 123,[2022] UKSC 123,NCitYearAbbrNum,True,True,UK,"{""id"": ""uksc"", ""description"": ""United Kingdom Supreme Court"" ,""label"": ""CITATION"", ""pattern"": [{""ORTH"": ""[""}, {""SHAPE"": ""dddd""}, {""ORTH"": ""]""}, {""ORTH"": ""UKSC""} , {""LIKE_NUM"": true}]}"
ukpc,UKPC,Judical Committee of the Privy Council,[dddd] UKPC d+,[2022] UKPC 123,[2022] UKPC 123,NCitYearAbbrNum,True,True,UK,"{""id"": ""ukpc"", ""description"": ""Judicial Committee of the Privy Council"" ,""label"": ""CITATION"", ""pattern"": [{""ORTH"": ""[""}, {""SHAPE"": ""dddd""}, {""ORTH"": ""]""}, {""ORTH"": ""UKPC""} , {""LIKE_NUM"": true}]}"
ukhl,UKHL,United Kingdom House of Lords,[dddd] UKHL d+,[2005] UKHL 123,[2005] UKHL 123,NCitYearAbbrNum,True,True,UK,"{""id"": ""ukhl"", ""description"": ""Judicial Committee of the House of Lords"" ,""label"": ""CITATION"", ""pattern"": [{""ORTH"": ""[""}, {""SHAPE"": ""dddd""}, {""ORTH"": ""]""}, {""ORTH"": ""UKHL""} , {""LIKE_NUM"": true}]}"
uket,UKET,United Kingdom Employment Tribunal,[dddd] UKET d1/d2,[2022] UKET 123456/2022,[2022] UKET 123456/2022,NCitYearAbrrNumStrokeNum,True,True,UK,"{""id"": ""uket"", ""description"": ""United Kingdom Employment Tribunal"", ""label"": ""CITATION"", ""pattern"": [{""ORTH"": ""[""}, {""SHAPE"": ""dddd""}, {""ORTH"": ""]""}, {""ORTH"": ""UKET""}, {""TEXT"": {""REGEX"": ""\\d+\\/\\d+""}}]}"
eket_a,UKET,United Kingdom Employment Tribunal,[dddd] UKET d1/d2,[2022] UKET 123456/2022,[2022] UKET 123456_2022,NCitYearAbrrNumStrokeNum,False,True,UK,"{""id"": ""uket_a"", ""description"": ""United Kingdom Employment Tribunal"", ""label"": ""CITATION"", ""pattern"": [{""ORTH"": ""[""}, {""SHAPE"": ""dddd""}, {""ORTH"": ""]""}, {""ORTH"": ""UKET""}, {""TEXT"": {""REGEX"": ""\\d+_\\d+""}}]}"
ukcat,UKCAT,United Kingdom Competition Appeals Tribunal,[dddd] CAT d+,[2022] CAT 123,[2022] CAT 123,NCitYearAbbrNum,True,True,UK,"{""id"": ""ukcat"", ""description"": ""United Kingdom Competition Appeals Tribunal"" ,""label"": ""CITATION"", ""pattern"": [{""ORTH"": ""[""}, {""SHAPE"": ""dddd""}, {""ORTH"": ""]""}, {""ORTH"": ""CAT""} , {""LIKE_NUM"": true}]}"
lrsd,The Law Reports (Scotch and Divorce Appeals),The Law Reports (Scotch and Divorce Appeals) (1866-1875) (ICLR),LR d1 ScDiv d2,LR 1 ScDiv 123,LR 1 ScDiv 123,PubAbbrNumAbbrNum,True,False,EW,"{""id"": ""lrsd"", ""description"": ""The Law Reports (Scotch and Divorce Appeals) (1866-1875) (ICLR)"", ""label"": ""CITATION"", ""pattern"": [{""ORTH"": ""LR""}, {""SHAPE"": ""d""},{""ORTH"": ""ScDiv""},{""LIKE_NUM"": true}]}"
lrqb_second_ed,The Law Reports (Queen's Bench Division),The Law Reports (Queen's Bench Division) (1875-1890) (ICLR),d1 QBD d2,1 QBD 123,1 QBD 123,PubNumAbbrNum,True,False,EW,"{""id"": ""lrqb_second_ed"", ""description"": ""The Law Reports (Queen's Bench Division) (1875-1890) (ICLR)"", ""label"": ""CITATION"", ""pattern"": [{""SHAPE"": ""d""},{""ORTH"": ""QBD""}, {""LIKE_NUM"": true}]}"
lrqb_single,The Law Reports (Queen's Bench Division),Queen's Bench Division (1891-1901; 1952-Present) (Single-Volume) (ICLR),[dddd] QB d+,[2022] QB 123,[2022] QB 123,PubYearAbbrNum,True,False,EW,"{""id"": ""lrqb_single"", ""description"": ""Queen's Bench Division (1891-1901; 1952-Present) (Single-Volume) (ICLR)"", ""label"": ""CITATION"", ""pattern"": [{""ORTH"": ""[""}, {""SHAPE"": ""dddd""}, {""ORTH"": ""]""}, {""ORTH"": ""QB""},{""LIKE_NUM"": true}]}"
lrqb_multi,The Law Reports (Queen's Bench Division),Queen's Bench Division (1891-1901; 1952-Present) (Multi-Volume) (ICLR),[dddd] d1 QB d2,[2022] 1 QB 123,[2022] 1 QB 123,PubYearNumAbbrNum,True,False,EW,"{""id"": ""lrqb_multi"", ""description"": ""Queen's Bench Division (1891-1901; 1952-Present) (Multi-Volume) (ICLR)"", ""label"": ""CITATION"", ""pattern"": [{""ORTH"": ""[""}, {""SHAPE"": ""dddd""}, {""ORTH"": ""]""}, {""SHAPE"": ""d""}, {""ORTH"": ""QB""},{""LIKE_NUM"": true}]}"
lrqb_first_ed,The Law Reports (Queen's Bench Cases),The Law Reports (Queen's Bench Cases) (1865-1875) (ICLR),LR d1 QB d2,LR 1 QB 123,LR 1 QB 123,PubAbbrNumAbbrNum,True,False,EW,"{""id"": ""lrqb_first_ed"", ""description"": ""The Law Reports (Queen's Bench Cases) (1865-1875) (ICLR)"", ""label"": ""CITATION"", ""pattern"": [{""ORTH"": ""LR""}, {""SHAPE"": ""d""},{""ORTH"": ""QB""},{""LIKE_NUM"": true}]}"
lrpd_second_ed,The Law Reports (Probate Divorce and Admiralty Division),The Law Reports (Probate Divorce and Admiralty Division) (1875-1890) (ICLR),d1 PD d2,1 PD 123,1 PD 123,PubNumAbbrNum,True,False,EW,"{""id"": ""lrpd_second_ed"", ""description"": ""The Law Reports (Probate Divorce and Admiralty Division) (1875-1890) (ICLR)"", ""label"": ""CITATION"", ""pattern"": [{""SHAPE"": ""d""},{""ORTH"": ""PD""}, {""LIKE_NUM"": true}]}"
lrpd_third_ed,The Law Reports (Probate Divorce and Admiralty Division),The Law Reports (Probate Divorce and Admiralty Division) (1891-1971) (ICLR),[dddd] P d+,[1971] P 123,[1971] P 123,PubYearAbbrNum,True,False,EW,"{""id"": ""lrpd_third_ed"", ""description"": ""The Law Reports (Probate Divorce and Admiralty Division) (1891-1971) (ICLR)"", ""label"": ""CITATION"", ""pattern"": [{""ORTH"": ""[""}, {""SHAPE"": ""dddd""}, {""ORTH"": ""]""}, {""ORTH"": ""P""},{""LIKE_NUM"": true}]}"
lrpd_first_ed,The Law Reports (Probate and Divorce Cases),The Law Reports (Probate and Divorce Cases) (1865-1875) (ICLR),LR d1 PD d2,LR 1 PD 123,LR 1 PD 123,PubAbbrNumAbbrNum,True,False,EW,"{""id"": ""lrpd_first_ed"", ""description"": ""The Law Reports (Probate and Divorce Cases) (1865-1875) (ICLR)"", ""label"": ""CITATION"", ""pattern"": [{""ORTH"": ""LR""}, {""SHAPE"": ""d""},{""ORTH"": ""PD""},{""LIKE_NUM"": true}]}"
lrpc,The Law Reports (Privy Council Appeals),The Law Reports (Privy Council Appeals) (1865-1875) (ICLR),LR d1 PC d2,LR 1 PC 123,LR 1 PC 123,PubAbbrNumAbbrNum,True,False,EW,"{""id"": ""lrpc"", ""description"": ""The Law Reports (Privy Council Appeals) (1865-1875) (ICLR)"", ""label"": ""CITATION"", ""pattern"": [{""ORTH"": ""LR""}, {""SHAPE"": ""d""},{""ORTH"": ""PC""},{""LIKE_NUM"": true}]}"
lrkb_single,The Law Reports (King's Bench Division),King's Bench Division (1901-1952) (Single-Volume) (ICLR),[dddd] KB d+,[2022] KB 123,[2022] KB 123,PubYearAbbrNum,True,False,EW,"{""id"": ""lrkb_single"", ""description"": ""King's Bench Division (1901-1952) (Single-Volume) (ICLR)"", ""label"": ""CITATION"", ""pattern"": [{""ORTH"": ""[""}, {""SHAPE"": ""dddd""}, {""ORTH"": ""]""}, {""ORTH"": ""KB""},{""LIKE_NUM"": true}]}"
lrkb_multi,The Law Reports (King's Bench Division),King's Bench Division (1901-1952) (Multi-Volume) (ICLR),[dddd] d1 KB d2,[2022] 1 KB 123,[2022] 1 KB 123,PubYearNumAbbrNum,True,False,EW,"{""id"": ""lrkb_multi"", ""description"": ""King's Bench Division (1901-1952) (Multi-Volume) (ICLR)"", ""label"": ""CITATION"", ""pattern"": [{""ORTH"": ""[""}, {""SHAPE"": ""dddd""}, {""ORTH"": ""]""}, {""SHAPE"": ""d""}, {""ORTH"": ""KB""},{""LIKE_NUM"": true}]}"
lrfam_single,The Law Reports (Family Division),Family Division (1972-Present) (Single-Volume) (ICLR),[dddd] Fam d+,[2022] Fam 123,[2022] Fam 123,PubYearAbbrNum,True,False,EW,"{""id"": ""lrfam_single"", ""description"": ""Family Division (1972-Present) (Single-Volume) (ICLR)"", ""label"": ""CITATION"", ""pattern"": [{""ORTH"": ""[""}, {""SHAPE"": ""dddd""}, {""ORTH"": ""]""}, {""ORTH"": ""Fam""},{""LIKE_NUM"": true}]}"
lrfam_multi,The Law Reports (Family Division),Family Division (1972-Present) (Multi-Volume) (ICLR),[dddd] d1 Fam d2,[2022] 1 Fam 123,[2022] 1 Fam 123,PubYearNumAbbrNum,True,False,EW,"{""id"": ""lrfam_multi"", ""description"": ""Family Division (1972-Present) (Multi-Volume) (ICLR)"", ""label"": ""CITATION"", ""pattern"": [{""ORTH"": ""[""}, {""SHAPE"": ""dddd""}, {""ORTH"": ""]""}, {""SHAPE"": ""d""},{""ORTH"": ""Fam""},{""LIKE_NUM"": true}]}"
lrexd,The Law Reports (Exchequer Division),The Law Reports (Exchequer Division) (1875-1880) (ICLR),d1 ExD d2,1 ExD 123,1 ExD 123,PubNumAbbrNum,True,False,EW,"{""id"": ""lrexd"", ""description"": ""The Law Reports (Exchequer Cases) (1865-1875) (ICLR)"", ""label"": ""CITATION"", ""pattern"": [{""SHAPE"": ""d""},{""ORTH"": ""ExD""},{""LIKE_NUM"": true}]}"
lrex,The Law Reports (Exchequer Cases),The Law Reports (Exchequer Cases) (1865-1875) (ICLR),LR d1 Exch d2,LR 1 Exch 123,LR 1 Exch 123,PubAbbrNumAbbrNum,True,False,EW,"{""id"": ""lrex"", ""description"": ""The Law Reports (Exchequer Cases) (1865-1875) (ICLR)"", ""label"": ""CITATION"", ""pattern"": [{""ORTH"": ""LR""}, {""SHAPE"": ""d""},{""ORTH"": ""Exch""},{""LIKE_NUM"": true}]}"
lreq,The Law Reports (Equity Cases),The Law Reports (Equity Cases) (1865-1875) (ICLR),LR d1 Eq d2,LR 1 Eq 123,LR 1 Eq 123,PubAbbrNumAbbrNum,True,False,EW,"{""id"": ""lreq"", ""description"": ""The Law Reports (Equity Cases) (1865-1875) (ICLR)"", ""label"": ""CITATION"", ""pattern"": [{""ORTH"": ""LR""}, {""SHAPE"": ""d""},{""ORTH"": ""Eq""},{""LIKE_NUM"": true}]}"
lrcc,The Law Reports (Crown Cases Reserved),The Law Reports (Crown Cases Reserved) (1865-1875) (ICLR),LR d1 CCR d2,LR 1 CCR 123,LR 1 CCR 123,PubAbbrNumAbbrNum,True,False,EW,"{""id"": ""lrcc"", ""description"": ""The Law Reports (Crown Cases Reserved) (1765-1875) (ICLR)"", ""label"": ""CITATION"", ""pattern"": [{""ORTH"": ""LR""}, {""SHAPE"": ""d""},{""ORTH"": ""CCR""},{""LIKE_NUM"": true}]}"
lrcp,The Law Reports (Common Pleas),The Law Reports (Common Pleas) (1865-1875) (ICLR),LR d1 CP d2,LR 1 CP 123,LR 1 CP 123,PubAbbrNumAbbrNum,True,False,EW,"{""id"": ""lrcp"", ""description"": ""The Law Reports (Common Pleas) (1865-1875) (ICLR)"", ""label"": ""CITATION"", ""pattern"": [{""ORTH"": ""LR""}, {""SHAPE"": ""d""},{""ORTH"": ""CP""}, {""LIKE_NUM"": true}]}"
lrcpd,The Law Reports (Common Pleas Division),The Law Reports (Common Pleas Division) (1875-1880) (ICLR),d1 CPD d2,1 CPD 123,1 CPD 123,c,True,False,EW,"{""id"": ""lrcpd"", ""description"": ""The Law Reports (Common Pleas Division) (1875-1880) (ICLR)"", ""label"": ""CITATION"", ""pattern"": [{""SHAPE"": ""d""},{""ORTH"": ""CPD""},{""LIKE_NUM"": true}]}"
lrch_second_ed,The Law Reports (Chancery Division),Chancery Division (1875-1890) (ICLR),d1 ChD d2,1 ChD 123,1 ChD 123,PubNumAbbrNum,True,False,EW,"{""id"": ""lrch_second_ed"", ""description"": ""Chancery Division (1875-1890) (ICLR)"", ""label"": ""CITATION"", ""pattern"": [{""SHAPE"": ""d""},{""ORTH"": ""ChD""}, {""LIKE_NUM"": true}]}"
lrch_single,The Law Reports (Chancery Division),Chancery Division (1890-Present) (Single-Volume) (ICLR),[dddd] Ch d+,[2022] Ch 123,[2022] Ch 123,PubYearAbbrNum,True,False,EW,"{""id"": ""lrch_single"", ""description"": ""Chancery Division (1890-Present) (Single-Volume) (ICLR)"", ""label"": ""CITATION"", ""pattern"": [{""ORTH"": ""[""}, {""SHAPE"": ""dddd""}, {""ORTH"": ""]""}, {""ORTH"": ""Ch""},{""LIKE_NUM"": true}]}"
lrch_multi,The Law Reports (Chancery Division),Chancery Division (1890-Present) (Multi-Volume) (ICLR),[dddd] d1 Ch d2,[2022] 1 Ch 123,[2022] 1 Ch 123,PubYearNumAbbrNum,True,False,EW,"{""id"": ""lrch_multi"", ""description"": ""Chancery Division (1890-Present) (Multi-Volume) (ICLR)"", ""label"": ""CITATION"", ""pattern"": [{""ORTH"": ""[""}, {""SHAPE"": ""dddd""}, {""ORTH"": ""]""}, {""SHAPE"": ""d""}, {""ORTH"": ""Ch""}, {""LIKE_NUM"": true}]}"
lrch_first_ed,The Law Reports (Chancery Appeals),Chancery Appeals (1865-1875) (ICLR),LR d1 Ch App d2,LR 1 Ch App 123,LR 1 Ch App 123,PubAbbrNumAbbrNum,True,False,EW,"{""id"": ""lrch_first_ed"", ""description"": ""Chancery Appeals (1865-1875) (ICLR)"", ""label"": ""CITATION"", ""pattern"": [{""ORTH"": ""LR""}, {""SHAPE"": ""d""},{""ORTH"": ""Ch""}, {""ORTH"": ""App""}, {""LIKE_NUM"": true}]}"
lrac_single,The Law Reports (Appeal Cases),Appeal Cases (1890-Present) (Single-Volume) (ICLR),[dddd] AC d+,[2022] AC 123,[2022] AC 123,PubYearAbbrNum,True,False,EW,"{""id"": ""lrac_single"", ""description"": ""The Business Law Reports (ICLR)"", ""label"": ""CITATION"", ""pattern"": [{""ORTH"": ""[""}, {""SHAPE"": ""dddd""}, {""ORTH"": ""]""}, {""ORTH"": ""AC""},{""LIKE_NUM"": true}]}"
lrac_multi,The Law Reports (Appeal Cases),Appeal Cases (1890-Present) (Multi-Volume) (ICLR),[dddd] d1 AC d2,[2022] 1 AC 123,[2022] 1 AC 123,PubYearAbbrNum,True,False,EW,"{""id"": ""lrac_multi"", ""description"": ""Appeal Cases (1890-Present) (Multi-Volume) (ICLR)"", ""label"": ""CITATION"", ""pattern"": [{""ORTH"": ""[""}, {""SHAPE"": ""dddd""}, {""ORTH"": ""]""}, {""SHAPE"": ""d""},{""ORTH"": ""AC""},{""LIKE_NUM"": true}]}"
lrac_second_ed,The Law Reports (Appeal Cases),Appeal Cases (1875-1890) (ICLR),d1 App Cas d2,1 App Cas 123,1 App Cas 123,PubNumAbbrNum,True,False,EW,"{""id"": ""lrac_second_ed"", ""description"": ""Appeal Cases (1875-1890) (ICLR)"", ""label"": ""CITATION"", ""pattern"": [{""SHAPE"": ""d""},{""ORTH"": ""App""}, {""ORTH"": ""Cas""}, {""LIKE_NUM"": true}]}"
lrae_first_ed,The Law Reports (Admiralty and Ecclesiastical),Admiralty and Ecclesiastical (1865-1875) (ICLR),LR d1 AE d2,LR 1 AE 123,LR 1 AE 123,PubAbbrNumAbbrNum,True,False,EW,"{""id"": ""lrae_first_ed"", ""description"": ""Admiralty and Ecclesiastical (1865-1875) (ICLR)"", ""label"": ""CITATION"", ""pattern"": [{""ORTH"": ""LR""}, {""SHAPE"": ""d""},{""ORTH"": ""AE""}, {""LIKE_NUM"": true}]}"
lrae_first_ed_a,The Law Reports (Admiralty and Ecclesiastical),Admiralty and Ecclesiastical (1865-1875) (ICLR),LR d1 AE d2,LR 1 AE 123,LR 1 A&E 123,PubAbbrNumAbbrNum,False,False,EW,"{""id"": ""lrae_first_ed_a"", ""description"": ""Admiralty and Ecclesiastical (1865-1875) (ICLR)"", ""label"": ""CITATION"", ""pattern"": [{""ORTH"": ""LR""}, {""SHAPE"": ""d""},{""ORTH"": ""A&E""}, {""LIKE_NUM"": true}]}"
ptsr,PTSR,The Public & Third Sector Reports (ICLR),[dddd] PTSR d+,[2022] PTSR 123,[2022] PTSR 123,PubYearAbbrNum,True,False,EW,"{""id"": ""ptsr"", ""description"": ""Public & Third Sector Reports (ICLR)"", ""label"": ""CITATION"", ""pattern"": [{""ORTH"": ""[""}, {""SHAPE"": ""dddd""}, {""ORTH"": ""]""}, {""ORTH"": ""PTSR""},{""LIKE_NUM"": true}]}"
icr,ICR,The Industrial Cases Reports (ICR),[dddd] ICR d+,[2022] ICR 123,[2022] ICR 123,PubYearAbbrNum,True,False,EW,"{""id"": ""icr"", ""description"": ""Industrial Cases Reports (ICLR)"", ""label"": ""CITATION"", ""pattern"": [{""ORTH"": ""[""}, {""SHAPE"": ""dddd""}, {""ORTH"": ""]""}, {""ORTH"": ""ICR""},{""LIKE_NUM"": true}]}"
ftt_tc,FTT (TC),First-tier Tribunal (Tax Chamber),[dddd] UKFTT d+ (TC),[2022] UKFTT 123 (TC),[2022] UKFTT 123 (TC),NCitYearAbbrNumDiv,True,True,UK,"{""id"": ""ftt_tc"", ""description"": ""First-tier Tribunal (Tax Chamber)"" ,""label"": ""CITATION"", ""pattern"": [{""ORTH"": ""[""}, {""SHAPE"": ""dddd""}, {""ORTH"": ""]""}, {""ORTH"": ""UKFTT""} , {""LIKE_NUM"": true}, {""ORTH"": ""(""}, {""ORTH"": ""TC""}, {""ORTH"": "")""}]}"
ftt_hesc,FTT (HESC),"First-tier Tribunal (Health, Education and Social Care Chamber)",[dddd] UKFTT d+ (HESC),[2022] UKFTT 123 (HESC),[2022] UKFTT 123 (HESC),NCitYearAbbrNumDiv,True,True,UK,"{""ftt_hesc"": ""24"", ""description"": ""First-tier Tribunal (Health, Education and Social Care Chamber)"" ,""label"": ""CITATION"", ""pattern"": [{""ORTH"": ""[""}, {""SHAPE"": ""dddd""}, {""ORTH"": ""]""}, {""ORTH"": ""UKFTT""} , {""LIKE_NUM"": true}, {""ORTH"": ""(""}, {""ORTH"": ""HESC""}, {""ORTH"": "")""}]}"
ftt_grc,FTT (GRC),First-tier Tribunal (General Regulatory Chamber),[dddd] UKFTT d1_d2 (GRC),[2022] UKFTT 2020_0341 (GRC),[2022] UKFTT 2020_0341 (GRC),NCitYearAbbrNumUnderNumDiv,True,True,UK,"{""id"": ""ftt_grc"", ""description"": ""First-tier Tribunal (General Regulatory Chamber)"", ""label"": ""CITATION"", ""pattern"": [{""ORTH"": ""[""}, {""SHAPE"": ""dddd""}, {""ORTH"": ""]""}, {""ORTH"": ""UKFTT""}, {""TEXT"": {""REGEX"": ""\\d+_\\d+""}}, {""ORTH"": ""(""}, {""ORTH"": ""GRC""}, {""ORTH"": "")""}]}"
ftt_grc_a,FTT (GRC),First-tier Tribunal (General Regulatory Chamber),[dddd] UKFTT d1_d2 (GRC),[2022] UKFTT 2020_0341 (GRC),[2022] UKFTT 2020_0341 (GCR),NCitYearAbbrNumUnderNumDiv,False,True,UK,"{""id"": ""ftt_grc_a"", ""description"": ""First-tier Tribunal (General Regulatory Chamber)"", ""label"": ""CITATION"", ""pattern"": [{""ORTH"": ""[""}, {""SHAPE"": ""dddd""}, {""ORTH"": ""]""}, {""ORTH"": ""UKFTT""}, {""TEXT"": {""REGEX"": ""\\d+_\\d+""}}, {""ORTH"": ""(""}, {""ORTH"": ""GCR""}, {""ORTH"": "")""}]}"
ftt_grc_b,FTT (GRC),First-tier Tribunal (General Regulatory Chamber),[dddd] UKFTT d1_d2 (GRC),[2022] UKFTT 2020_0341 (GRC),[2022] UKFTT 2020/0341 (GRC),NCitYearAbbrNumUnderNumDiv,False,True,UK,"{""id"": ""ftt_grc_b"", ""description"": ""First-tier Tribunal (General Regulatory Chamber)"", ""label"": ""CITATION"", ""pattern"": [{""ORTH"": ""[""}, {""SHAPE"": ""dddd""}, {""ORTH"": ""]""}, {""ORTH"": ""UKFTT""}, {""TEXT"": {""REGEX"": ""\\d+\\/\\d+""}}, {""ORTH"": ""(""}, {""ORTH"": ""GRC""}, {""ORTH"": "")""}]}"
ewhc_tcc,EWHC TCC,High Court (Queen's Bench Division),[dddd] EWHC d+ (QB),[2022] EWHC 123 (QB),[2022] EWHC 123 (QB),NCitYearAbbrNumDiv,True,True,EW,"{""id"": ""ewhc_tcc"", ""description"": ""High Court (Queen's Bench Division)"" ,""label"": ""CITATION"", ""pattern"": [{""ORTH"": ""[""}, {""SHAPE"": ""dddd""}, {""ORTH"": ""]""}, {""ORTH"": ""EWHC""} , {""LIKE_NUM"": true}, {""ORTH"": ""(""}, {""ORTH"": ""QB""}, {""ORTH"": "")""}]}"
ewhc_qb,EWHC QB,High Court (Technology and Construction Court),[dddd] EWHC d+ (TCC),[2022] EWHC 123 (TCC),[2022] EWHC 123 (TCC),NCitYearAbbrNumDiv,True,True,EW,"{""id"": ""ewhc_qb"", ""description"": ""High Court (Technology and Construction Court)"" ,""label"": ""CITATION"", ""pattern"": [{""ORTH"": ""[""}, {""SHAPE"": ""dddd""}, {""ORTH"": ""]""}, {""ORTH"": ""EWHC""} , {""LIKE_NUM"": true}, {""ORTH"": ""(""}, {""ORTH"": ""TCC""}, {""ORTH"": "")""}]}"
ewhc_pat,EWHC Pat,High Court (Patents Court),[dddd] EWHC d+ (Pat),[2022] EWHC 123 (Pat),[2022] EWHC 123 (Pat),NCitYearAbbrNumDiv,True,True,EW,"{""id"": ""ewhc_pat"", ""description"": ""High Court (Patents Court)"" ,""label"": ""CITATION"", ""pattern"": [{""ORTH"": ""[""}, {""SHAPE"": ""dddd""}, {""ORTH"": ""]""}, {""ORTH"": ""EWHC""} , {""LIKE_NUM"": true}, {""ORTH"": ""(""}, {""ORTH"": ""Pat""}, {""ORTH"": "")""}]}"
ewhc_merc,EWHC Mercantile,High Court (Mercantile Court),[dddd] EWHC d+ (Mercantile),[2022] EWHC 123 (Mercantile),[2022] EWHC 123 (Mercantile),NCitYearAbbrNumDiv,True,True,EW,"{""id"": ""ewhc_merc"", ""description"": ""High Court (Mercantile Court)"" ,""label"": ""CITATION"", ""pattern"": [{""ORTH"": ""[""}, {""SHAPE"": ""dddd""}, {""ORTH"": ""]""}, {""ORTH"": ""EWHC""} , {""LIKE_NUM"": true}, {""ORTH"": ""(""}, {""ORTH"": ""Mercantile""}, {""ORTH"": "")""}]}"
ewhc_ipec,EWHC IPEC,Intellectual Property Enterprise Court,[dddd] EWHC d+ (IPEC),[2022] EWHC 123 (IPEC),[2022] EWHC 123 (IPEC),NCitYearAbbrNumDiv,True,True,EW,"{""id"": ""ewhc_ipec"", ""description"": ""Intellectual Property Enterprise Court "" ,""label"": ""CITATION"", ""pattern"": [{""ORTH"": ""[""}, {""SHAPE"": ""dddd""}, {""ORTH"": ""]""}, {""ORTH"": ""EWHC""} , {""LIKE_NUM"": true}, {""ORTH"": ""(""}, {""ORTH"": ""IPEC""}, {""ORTH"": "")""}]}"
ewhc_fam,EWHC Fam,High Court (Family Division),[dddd] EWHC d+ (Fam),[2022] EWHC 123 (Fam),[2022] EWHC 123 (Fam),NCitYearAbbrNumDiv,True,True,EW,"{""id"": ""ewhc_fam"", ""description"": ""High Court (Family Division)"" ,""label"": ""CITATION"", ""pattern"": [{""ORTH"": ""[""}, {""SHAPE"": ""dddd""}, {""ORTH"": ""]""}, {""ORTH"": ""EWHC""} , {""LIKE_NUM"": true}, {""ORTH"": ""(""}, {""ORTH"": ""Fam""}, {""ORTH"": "")""}]}"
ewhc_costs,EWHC Costs,High Court (Senior Court Costs Office),[dddd] EWHC d+ (Costs),[2022] EWHC 123 (Costs),[2022] EWHC 123 (Costs),NCitYearAbbrNumDiv,True,True,EW,"{""id"": ""ewhc_costs"", ""description"": ""High Court (Senior Court Costs Office)"" ,""label"": ""CITATION"", ""pattern"": [{""ORTH"": ""[""}, {""SHAPE"": ""dddd""}, {""ORTH"": ""]""}, {""ORTH"": ""EWHC""} , {""LIKE_NUM"": true}, {""ORTH"": ""(""}, {""ORTH"": ""Costs""}, {""ORTH"": "")""}]}"
ewhc_comm,EWHC Comm,High Court (Commercial Court),[dddd] EWHC d+ (Comm),[2022] EWHC 123 (Comm),[2022] EWHC 123 (Comm),NCitYearAbbrNumDiv,True,True,EW,"{""id"": ""ewhc_comm"", ""description"": ""High Court (Commercial Court)"" ,""label"": ""CITATION"", ""pattern"": [{""ORTH"": ""[""}, {""SHAPE"": ""dddd""}, {""ORTH"": ""]""}, {""ORTH"": ""EWHC""} , {""LIKE_NUM"": true}, {""ORTH"": ""(""}, {""ORTH"": ""Comm""}, {""ORTH"": "")""}]}"
ewhc_ch,EWHC Ch,High Court (Chancery Division),[dddd] EWHC d+ (Ch),[2022] EWHC 123 (Ch),[2022] EWHC 123 (Ch),NCitYearAbbrNumDiv,True,True,EW,"{""id"": ""ewhc_ch"", ""description"": ""High Court (Chancery Division)"" ,""label"": ""CITATION"", ""pattern"": [{""ORTH"": ""[""}, {""SHAPE"": ""dddd""}, {""ORTH"": ""]""}, {""ORTH"": ""EWHC""} , {""LIKE_NUM"": true}, {""ORTH"": ""(""}, {""ORTH"": ""Ch""}, {""ORTH"": "")""}]}"
ewhc_admlty,EWHC Admlty,High Court (Admiralty Division),[dddd] EWHC d+ (Admlty),[2022] EWHC 123 (Admlty),[2022] EWHC 123 (Admlty),NCitYearAbbrNumDiv,True,True,EW,"{""id"": ""ewhc_admlty"", ""description"": ""High Court (Admiralty Division)"" ,""label"": ""CITATION"", ""pattern"": [{""ORTH"": ""[""}, {""SHAPE"": ""dddd""}, {""ORTH"": ""]""}, {""ORTH"": ""EWHC""} , {""LIKE_NUM"": true}, {""ORTH"": ""(""}, {""ORTH"": ""Admlty""}, {""ORTH"": "")""}]}"
ewhc_admin,EWHC Admin,High Court (Administrative Division),[dddd] EWHC d+ (Admin),[2022] EWHC 123 (Admin),[2022] EWHC 123 (Admin),NCitYearAbbrNumDiv,True,True,EW,"{""id"": ""ewhc_admin"", ""description"": ""High Court (Administrative Court)"" ,""label"": ""CITATION"", ""pattern"": [{""ORTH"": ""[""}, {""SHAPE"": ""dddd""}, {""ORTH"": ""]""}, {""ORTH"": ""EWHC""} , {""LIKE_NUM"": true}, {""ORTH"": ""(""}, {""ORTH"": ""Admin""}, {""ORTH"": "")""}]}"
ewhc_admin_a,EWHC Admin,High Court (Administrative Division),[dddd] EWHC d+ (Admin),[2022] EWHC 123 (Admin),[2022] EWHC Admin 123,NCitYearAbbrNumDiv,False,True,EW,"{""id"": ""ewhc_admin_a"", ""description"": ""High Court (Administrative Court)"" ,""label"": ""CITATION"", ""pattern"": [{""ORTH"": ""[""}, {""SHAPE"": ""dddd""}, {""ORTH"": ""]""}, {""ORTH"": ""EWHC""}, {""ORTH"": ""Admin""}, {""LIKE_NUM"": true}]}"
ewfc,EWFC,Family Court,[dddd] EWFC d+,[2022] EWFC 123,[2022] EWFC 123,NCitYearAbbrNum,True,True,EW,"{""id"": ""ewfc"", ""description"": ""Family Court"" ,""label"": ""CITATION"", ""pattern"": [{""ORTH"": ""[""}, {""SHAPE"": ""dddd""}, {""ORTH"": ""]""}, {""ORTH"": ""EWFC""} , {""LIKE_NUM"": true}]}"
ewcop,EWCOP,Court of Protection,[dddd] EWCOP d+,[2022] EWCOP 123,[2022] EWCOP 123,NCitYearAbbrNum,True,True,EW,"{""id"": ""ewcop"", ""description"": ""Court of Protection"" ,""label"": ""CITATION"", ""pattern"": [{""ORTH"": ""[""}, {""SHAPE"": ""dddd""}, {""ORTH"": ""]""}, {""ORTH"": ""EWCOP""} , {""LIKE_NUM"": true}]}"
ewca_crim,EWCA Crim,Court of Appeal (Criminal Division),[dddd] EWCA Crim d+,[2022] EWCA Crim 123,[2022] EWCA Crim 123,NCitYearAbbrNum,True,True,EW,"{""id"": ""ewca_crim"", ""description"": ""Court of Appeal (Criminal Division)"" ,""label"": ""CITATION"", ""pattern"": [{""ORTH"": ""[""}, {""SHAPE"": ""dddd""}, {""ORTH"": ""]""}, {""ORTH"": ""EWCA""}, {""ORTH"": ""Crim""} , {""LIKE_NUM"": true}]}"
ewca_civ,EWCA Civ,Court of Appeal (Civil Division),[dddd] EWCA Civ d+,[2022] EWCA Civ 123,[2022] EWCA Civ 123,NCitYearAbbrNum,True,True,EW,"{""id"": ""ewca_civ"", ""description"": ""Court of Appeal (Civil Division)"" ,""label"": ""CITATION"", ""pattern"": [{""ORTH"": ""[""}, {""SHAPE"": ""dddd""}, {""ORTH"": ""]""}, {""ORTH"": ""EWCA""}, {""ORTH"": ""Civ""}, {""LIKE_NUM"": true}]}"
ewca_civ_a,EWCA Civ,Court of Appeal (Civil Division),[dddd] EWCA Civ d+,[2022] EWCA Civ 123,[2022] EWCA CIV 123,NCitYearAbbrNum,False,True,EW,"{""id"": ""ewca_civ_a"", ""description"": ""Court of Appeal (Civil Division)"" ,""label"": ""CITATION"", ""pattern"": [{""ORTH"": ""[""}, {""SHAPE"": ""dddd""}, {""ORTH"": ""]""}, {""ORTH"": ""EWCA""}, {""ORTH"": ""CIV""} , {""LIKE_NUM"": true}]}"
ewca_civ_b,EWCA Civ,Court of Appeal (Civil Division),[dddd] EWCA Civ d+,[2022] EWCA Civ 123,[2022] EWCA civ 123,NCitYearAbbrNum,False,True,EW,"{""id"": ""ewca_civ_b"", ""description"": ""Court of Appeal (Civil Division)"" ,""label"": ""CITATION"", ""pattern"": [{""ORTH"": ""[""}, {""SHAPE"": ""dddd""}, {""ORTH"": ""]""}, {""ORTH"": ""EWCA""}, {""ORTH"": ""civ""} , {""LIKE_NUM"": true}]}"
ewca_civ_c,EWCA Civ,Court of Appeal (Civil Division),[dddd] EWCA Civ d+,[2022] EWCA Civ 123,[2022] ewca civ 123,NCitYearAbbrNum,False,True,EW,"{""id"": ""ewca_civ_c"", ""description"": ""Court of Appeal (Civil Division)"" ,""label"": ""CITATION"", ""pattern"": [{""ORTH"": ""[""}, {""SHAPE"": ""dddd""}, {""ORTH"": ""]""}, {""ORTH"": ""ewca""}, {""ORTH"": ""civ""} , {""LIKE_NUM"": true}]}"
ewca_civ_d,EWCA Civ,Court of Appeal (Civil Division),[dddd] EWCA Civ d+,[2022] EWCA Civ 123,[2022[ EWCA Civ 123,NCitYearAbbrNum,False,True,EW,"{""id"": ""ewca_civ_d"", ""description"": ""Court of Appeal (Civil Division)"" ,""label"": ""CITATION"", ""pattern"": [{""ORTH"": ""[""}, {""SHAPE"": ""dddd""}, {""ORTH"": ""[""}, {""ORTH"": ""EWCA""}, {""ORTH"": ""Civ""}, {""LIKE_NUM"": true}]}"
ewca_civ_e,EWCA Civ,Court of Appeal (Civil Division),[dddd] EWCA Civ d+,[2022] EWCA Civ 123,]2022] EWCA Civ 123,NCitYearAbbrNum,False,True,EW,"{""id"": ""ewca_civ_e"", ""description"": ""Court of Appeal (Civil Division)"" ,""label"": ""CITATION"", ""pattern"": [{""ORTH"": ""]""}, {""SHAPE"": ""dddd""}, {""ORTH"": ""]""}, {""ORTH"": ""EWCA""}, {""ORTH"": ""Civ""}, {""LIKE_NUM"": true}]}"
ukeat,EAT,United Kingdom Employment Appeal Tribunal,[dddd] EAT d+,[2022] EAT 123,[2022] EAT 123,NCitYearAbbrNum,True,True,UK,"{""id"": ""ukeat"", ""description"": ""United Kingdom Employment Appeal Tribunal"" ,""label"": ""CITATION"", ""pattern"": [{""ORTH"": ""[""}, {""SHAPE"": ""dddd""}, {""ORTH"": ""]""}, {""ORTH"": ""EAT""} , {""LIKE_NUM"": true}]}"
buslr,Bus LR,The Business Law Reports (ICLR),[dddd] Bus LR d+,[2022] Bus LR 123,[2022] Bus LR 123,PubYearAbbrNum,True,False,EW,"{""id"": ""buslr"", ""description"": ""The Business Law Reports (ICLR)"", ""label"": ""CITATION"", ""pattern"": [{""ORTH"": ""[""}, {""SHAPE"": ""dddd""}, {""ORTH"": ""]""}, {""ORTH"": ""Bus""},{""ORTH"": ""LR""},{""LIKE_NUM"": true}]}"
aller,All ER,The All England Law Reports,[dddd] d1 All ER d2,[2022] 1 All ER 123,[2022] 1 All ER 123,PubYearNumAbbrNum,True,False,EW,"{""id"": ""aller"", ""description"": ""The All England Law Reports"", ""label"": ""CITATION"", ""pattern"": [{""ORTH"": ""[""}, {""SHAPE"": ""dddd""}, {""ORTH"": ""]""}, {""SHAPE"": ""d""}, {""ORTH"": ""All""},{""ORTH"": ""ER""},{""LIKE_NUM"": true}]}"
acd,ACD,Administrative Court Digest,[dddd] ACD d+,[2022] ACD 123,[2022] ACD 123,PubYearAbbrNum,True,False,EW,"{""id"": ""acd"", ""description"": ""Administrative Court Digest"", ""label"": ""CITATION"", ""pattern"": [{""ORTH"": ""[""}, {""SHAPE"": ""dddd""}, {""ORTH"": ""]""},{""ORTH"": ""ACD""},{""LIKE_NUM"": true}]}"
cmlr,CMLR,Common Market Law Reports,[dddd] d1 CMLR d2,[2022] 1 CMLR 123,[2022] 1 CMLR 123,PubYearNumAbbrNum,True,False,EW,"{""id"": ""cmlr"", ""description"": ""Common Market Law Reports"", ""label"": ""CITATION"", ""pattern"": [{""ORTH"": ""[""}, {""SHAPE"": ""dddd""}, {""ORTH"": ""]""}, {""SHAPE"": ""d""}, {""ORTH"": ""CMLR""},{""LIKE_NUM"": true}]}"
costslr,Costs LR,Costs Law Reports,[dddd] Costs LR d+,[2022] Costs LR 123,[2022] Costs LR 123,PubYearAbbrNum,True,False,EW,"{""id"": ""costslr"", ""description"": ""Costs Law Reports"", ""label"": ""CITATION"", ""pattern"": [{""ORTH"": ""[""}, {""SHAPE"": ""dddd""}, {""ORTH"": ""]""},{""ORTH"": ""Costs""},{""ORTH"": ""LR""},{""LIKE_NUM"": true}]}"
crappr_volumnal_with_year,Cr App R,Criminal Appeal Reports (Volumnal Pre-1995),(dddd) d1 Cr App R d2,(2022) 99 Cr App R 123,(2022) 99 Cr App R 123,PubYearNumAbbrNum,True,False,EW,"{""id"": ""crappr_volumnal_with_year"", ""description"": ""Criminal Appeal Reports (Volumnal Pre-1995)"", ""label"": ""CITATION"", ""pattern"": [{""ORTH"": ""(""}, {""SHAPE"": ""dddd""}, {""ORTH"": "")""}, {""TEXT"": {""REGEX"": ""\\d+""}}, {""ORTH"": ""Cr""},{""ORTH"": ""App""}, {""ORTH"": ""R""}, {""LIKE_NUM"": true}]}"
crappr_annual,Cr App R,Criminal Appeal Reports (Annual Volumes Post-1995),[dddd] d1 Cr App R d2,[2022] 1 Cr App R 123,[2022] 1 Cr App R 123,PubYearNumAbbrNum,True,False,EW,"{""id"": ""crappr_annual"", ""description"": ""Criminal Appeal Reports (Annual Volumes Post-1995)"", ""label"": ""CITATION"", ""pattern"": [{""ORTH"": ""[""}, {""SHAPE"": ""dddd""}, {""ORTH"": ""]""}, {""SHAPE"": ""d""},{""ORTH"": ""Cr""},{""ORTH"": ""App""}, {""ORTH"": ""R""}, {""LIKE_NUM"": true}]}"
crappr_sentencing_annual,Cr App R,Criminal Appeal Reports (Sentencing) (Annual Volumes Post-1995),[dddd] d1 Cr App R (S) d2,[2022] 1 Cr App R (S) 123,[2022] 1 Cr App R (S) 123,PubYearNumAbbrNum,True,False,EW,"{""id"": ""crappr_sentencing_annual"", ""description"": ""Criminal Appeal Reports (Sentencing) (Annual Volumes Post-1995)"", ""label"": ""CITATION"", ""pattern"": [{""ORTH"": ""[""}, {""SHAPE"": ""dddd""}, {""ORTH"": ""]""}, {""SHAPE"": ""d""},{""ORTH"": ""Cr""},{""ORTH"": ""App""}, {""ORTH"": ""R""},{""ORTH"": ""(""},{""ORTH"": ""S""},{""ORTH"": "")""}, {""LIKE_NUM"": true}]}"
crappr_sentencing_volumnal_with_year,Cr App R,Criminal Appeal Reports (Sentencing) (Volumnal Pre-1995),(dddd) d1 Cr App R (S) d2,(2022) 99 Cr App R (S) 123,(2022) 99 Cr App R (S) 123,PubYearNumAbbrNum,True,False,EW,"{""id"": ""crappr_sentencing_volumnal_with_year"", ""description"": ""Criminal Appeal Reports (Volumnal Pre-1995)"", ""label"": ""CITATION"", ""pattern"": [{""ORTH"": ""(""}, {""SHAPE"": ""dddd""}, {""ORTH"": "")""}, {""TEXT"": {""REGEX"": ""\\d+""}}, {""ORTH"": ""Cr""},{""ORTH"": ""App""}, {""ORTH"": ""R""}, {""ORTH"": ""(""},{""ORTH"": ""S""},{""ORTH"": "")""},{""LIKE_NUM"": true}]}"
flr,FLR,Family Law Reports,[dddd] d1 FLR d2,[2022] 1 FLR 123,[2022] 1 FLR 123,PubYearNumAbbrNum,True,False,EW,"{""id"": ""flr"", ""description"": ""Family Law Reports"", ""label"": ""CITATION"", ""pattern"": [{""ORTH"": ""[""}, {""SHAPE"": ""dddd""}, {""ORTH"": ""]""}, {""SHAPE"": ""d""}, {""ORTH"": ""FLR""},{""LIKE_NUM"": true}]}"
hrlr,Costs LR,Human Rights Law Reports,[dddd] HRLR d+,[2022] HRLR 123,[2022] HRLR 123,PubYearAbbrNum,True,False,EW,"{""id"": ""hrlr"", ""description"": ""Human Rights Law Reports"", ""label"": ""CITATION"", ""pattern"": [{""ORTH"": ""[""}, {""SHAPE"": ""dddd""}, {""ORTH"": ""]""},{""ORTH"": ""HRLR""},{""LIKE_NUM"": true}]}"
ehrr,EHRR,European Human Rights Reports,(dddd) d1 EHRR d2,(2022) 74 EHRR 123,(2022) 74 EHRR 123,PubYearNumAbbrNum,True,False,EW,"{""id"": ""ehrr"", ""description"": ""European Human Rights Reports"", ""label"": ""CITATION"", ""pattern"": [{""ORTH"": ""(""}, {""SHAPE"": ""dddd""}, {""ORTH"": "")""}, {""TEXT"": {""REGEX"": ""\\d+""}}, {""ORTH"": ""EHRR""}, {""LIKE_NUM"": true}]}"
irlr,IRLR,Industrial Relations Law Reports,[dddd] IRLR d+,[2022] IRLR 123,[2022] IRLR 123,PubYearAbbrNum,True,False,EW,"{""id"": ""irlr"", ""description"": ""Industrial Relations Law Reports"", ""label"": ""CITATION"", ""pattern"": [{""ORTH"": ""[""}, {""SHAPE"": ""dddd""}, {""ORTH"": ""]""},{""ORTH"": ""IRLR""},{""LIKE_NUM"": true}]}"
latr,LATR,Landlord and Tenant Reports,[dddd] L&TR d+,[2022] L&TR 123,[2022] L&TR 123,PubYearAbbrNum,True,False,EW,"{""id"": ""latr"", ""description"": ""Landlord and Tenant Reports"", ""label"": ""CITATION"", ""pattern"": [{""ORTH"": ""[""}, {""SHAPE"": ""dddd""}, {""ORTH"": ""]""},{""ORTH"": ""L&TR""},{""LIKE_NUM"": true}]}"
lloyds,Lloyd's,Lloyd's Law Reports,[dddd] d1 Lloyd's Rep d2,[2022] 1 Lloyd's Rep 123,[2022] 1 Lloyd's Rep 123,PubYearNumAbbrNum,True,False,EW,"{""id"": ""lloyds"", ""description"": ""Lloyd's Law Reports"", ""label"": ""CITATION"", ""pattern"": [{""ORTH"": ""[""}, {""SHAPE"": ""dddd""}, {""ORTH"": ""]""}, {""SHAPE"": ""d""}, {""ORTH"": ""Lloyd""},{""ORTH"": ""'s""}, {""ORTH"": ""Rep""},{""LIKE_NUM"": true}]}"
lloyds_a,Lloyd's,Lloyd's Law Reports,[dddd] d1 Lloyd's Rep d2,[2022] 1 Lloyd's Rep 123,[2022] 1 Lloyd's Law Reports 123,PubYearNumAbbrNum,False,False,EW,"{""id"": ""lloyds_a"", ""description"": ""Lloyd's Law Reports"", ""label"": ""CITATION"", ""pattern"": [{""ORTH"": ""[""}, {""SHAPE"": ""dddd""}, {""ORTH"": ""]""}, {""SHAPE"": ""d""}, {""ORTH"": ""Lloyd""},{""ORTH"": ""'s""}, {""ORTH"": ""Law""},{""ORTH"": ""Reports""},{""LIKE_NUM"": true}]}"
lloyds_b,Lloyd's,Lloyd's Law Reports,[dddd] d1 Lloyd's Rep d2,[2022] 1 Lloyd's Rep 123,[2022] 1 Lloyd's Reports 123,PubYearNumAbbrNum,False,False,EW,"{""id"": ""lloyds_b"", ""description"": ""Lloyd's Law Reports"", ""label"": ""CITATION"", ""pattern"": [{""ORTH"": ""[""}, {""SHAPE"": ""dddd""}, {""ORTH"": ""]""}, {""SHAPE"": ""d""}, {""ORTH"": ""Lloyd""},{""ORTH"": ""'s""}, {""ORTH"": ""Reports""},{""LIKE_NUM"": true}]}"
lgr,LGR,Local Government Reports,[dddd] LGR d+,[2022] LGR 123,[2022] LGR 123,PubYearAbbrNum,True,False,EW,"{""id"": ""lgr"", ""description"": ""Local Government Reports"", ""label"": ""CITATION"", ""pattern"": [{""ORTH"": ""[""}, {""SHAPE"": ""dddd""}, {""ORTH"": ""]""},{""ORTH"": ""LGR""},{""LIKE_NUM"": true}]}"
pnlr,PNLR,Professional Negligence and Liability Reports,[dddd] PNLR d+,[2022] PNLR 123,[2022] PNLR 123,PubYearAbbrNum,True,False,EW,"{""id"": ""pnlr"", ""description"": ""Professional Negligence and Liability Reports"", ""label"": ""CITATION"", ""pattern"": [{""ORTH"": ""[""}, {""SHAPE"": ""dddd""}, {""ORTH"": ""]""},{""ORTH"": ""PNLR""},{""LIKE_NUM"": true}]}"
pnlr_a,PNLR,Professional Negligence and Liability Reports,[dddd] PNLR d+,[2022] PNLR 123,[2022] P.N.L.R 123,PubYearAbbrNum,False,False,EW,"{""id"": ""pnlr_a"", ""description"": ""Professional Negligence and Liability Reports"", ""label"": ""CITATION"", ""pattern"": [{""ORTH"": ""[""}, {""SHAPE"": ""dddd""}, {""ORTH"": ""]""},{""ORTH"": ""P.N.L.R""},{""LIKE_NUM"": true}]}"
pacr,PACR,Planning Property and Compensation Reports,[dddd] d1 P&CR d2,[2022] 1 P&CR 123,[2022] 1 P&CR 123,PubYearNumAbbrNum,True,False,EW,"{""id"": ""pacr"", ""description"": ""Planning Property and Compensation Reports"", ""label"": ""CITATION"", ""pattern"": [{""ORTH"": ""[""}, {""SHAPE"": ""dddd""}, {""ORTH"": ""]""}, {""SHAPE"": ""d""}, {""ORTH"": ""P&CR""},{""LIKE_NUM"": true}]}"
rpc,RPC,Reports of Patents Cases,[dddd] RPC d+,[2022] RPC 123,[2022] RPC 123,PubYearAbbrNum,True,False,EW,"{""id"": ""rpc"", ""description"": ""Reports of Patents Cases"", ""label"": ""CITATION"", ""pattern"": [{""ORTH"": ""[""}, {""SHAPE"": ""dddd""}, {""ORTH"": ""]""},{""ORTH"": ""RPC""},{""LIKE_NUM"": true}]}"
